rank,title,name,ticker,url,hq,sector,industry,employees,revenues,revenues_change,profits,profits_change,assets,equity
1,Walmart,"Wal-Mart Stores, Inc.",WMT,http://www.walmart.com,"Bentonville, AR",Retailing,General Merchandisers,2300000,485873.0,0.8,13643.0,-7.2,198825,77798.0
2,Berkshire Hathaway,Berkshire Hathaway Inc.,BRKA,http://www.berkshirehathaway.com,"Omaha, NE",Financials,Insurance: Property and Casualty (Stock),367700,223604.0,6.1,24074.0,0.0,620854,283001.0
3,Apple,"Apple, Inc.",AAPL,http://www.apple.com,"Cupertino, CA",Technology,"Computers, Office Equipment",116000,215639.0,-7.7,45687.0,-14.4,321686,128249.0
4,Exxon Mobil,Exxon Mobil Corporation,XOM,http://www.exxonmobil.com,"Irving, TX",Energy,Petroleum Refining,72700,205004.0,-16.7,7840.0,-51.5,330314,167325.0
5,McKesson,McKesson Corporation,MCK,http://www.mckesson.com,"San Francisco, CA",Wholesalers,Wholesalers: Health Care,68000,192487.0,6.2,2258.0,53.0,56563,8924.0
6,UnitedHealth Group,UnitedHealth Group Incorporated,UNH,http://www.unitedhealthgroup.com,"Minnetonka, MN",Health Care,Health Care: Insurance and Managed Care,230000,184840.0,17.7,7017.0,20.7,122810,38274.0
7,CVS Health,CVS Health Corporation,CVS,http://www.cvshealth.com,"Woonsocket, RI",Health Care,Health Care: Pharmacy and Other Services,204000,177526.0,15.8,5317.0,1.5,94462,36830.0
8,General Motors,General Motors Company,GM,http://www.gm.com,"Detroit, MI",Motor Vehicles & Parts,Motor Vehicles and Parts,225000,166380.0,9.2,9427.0,-2.7,221690,43836.0
9,AT&T,AT&T Inc.,T,http://www.att.com,"Dallas, TX",Telecommunications,Telecommunications,268540,163786.0,11.6,12976.0,-2.8,403821,123135.0
10,Ford Motor,Ford Motor Company,F,http://www.ford.com,"Dearborn, MI",Motor Vehicles & Parts,Motor Vehicles and Parts,201000,151800.0,1.5,4596.0,-37.7,237951,29170.0
11,AmerisourceBergen,AmerisourceBergen Corp.,ABC,http://www.amerisourcebergen.com,"Chesterbrook, PA",Wholesalers,Wholesalers: Health Care,18500,146850.0,8.0,1427.9,,33656,2129.0
12,Amazon.com,"Amazon.com, Inc.",AMZN,http://www.amazon.com,"Seattle, WA",Technology,Internet Services and Retailing,341400,135987.0,27.1,2371.0,297.8,83402,19285.0
13,General Electric,General Electric Company,GE,http://www.ge.com,"Boston, MA",Industrials,Industrial Machinery,295000,126661.0,-9.8,8831.0,,365183,75828.0
14,Verizon,Verizon Communications Inc.,VZ,http://www.verizon.com,"New York, NY",Telecommunications,Telecommunications,160900,125980.0,-4.3,13127.0,-26.6,244180,22524.0
15,Cardinal Health,"Cardinal Health, Inc.",CAH,http://www.cardinalhealth.com,"Dublin, OH",Wholesalers,Wholesalers: Health Care,37300,121546.0,18.5,1427.0,17.4,34122,6554.0
16,Costco,Costco Wholesale Corporation,COST,http://www.costco.com,"Issaquah, WA",Retailing,General Merchandisers,172000,118719.0,2.2,2350.0,-1.1,33163,12079.0
17,Walgreens Boots Alliance,"Walgreens Boots Alliance, Inc",WBA,http://www.walgreensbootsalliance.com,"Deerfield, IL",Food & Drug Stores,Food and Drug Stores,300000,117351.0,13.4,4173.0,,72688,29880.0
18,Kroger,The Kroger Company,KR,http://www.thekrogerco.com,"Cincinnati, OH",Food & Drug Stores,Food and Drug Stores,443000,115337.0,5.0,1975.0,-3.1,36505,6698.0
19,Chevron,Chevron Corporation,CVX,http://www.chevron.com,"San Ramon, CA",Energy,Petroleum Refining,55200,107567.0,-18.0,-497.0,-110.8,260078,145556.0
20,Fannie Mae,Fannie Mae,FNMA,http://www.fanniemae.com,"Washington, DC",Financials,Diversified Financials,7000,107162.0,-2.9,12313.0,12.4,3287968,6071.0
21,J.P. Morgan Chase,JPMorgan Chase & Co.,JPM,http://www.jpmorganchase.com,"New York, NY",Financials,Commercial Banks,243355,105486.0,4.4,24733.0,1.2,2490972,254190.0
22,Express Scripts Holding,Express Scripts Holding Company,ESRX,http://www.express-scripts.com,"St. Louis, MO",Health Care,Health Care: Pharmacy and Other Services,25600,100288.0,-1.4,3404.4,37.5,51745,16236.0
23,Home Depot,"The Home Depot, Inc.",HD,http://www.homedepot.com,"Atlanta, GA",Retailing,Specialty Retailers: Other,406000,94595.0,6.9,7957.0,13.5,42966,4333.0
24,Boeing,The Boeing Company,BA,http://www.boeing.com,"Chicago, IL",Aerospace & Defense,Aerospace and Defense,150540,94571.0,-1.6,4895.0,-5.4,89997,817.0
25,Wells Fargo,Wells Fargo & Company,WFC,http://www.wellsfargo.com,"San Francisco, CA",Financials,Commercial Banks,269100,94176.0,4.6,21938.0,-4.2,1930115,199581.0
26,Bank of America Corp.,Bank of America Corporation,BAC,http://www.bankofamerica.com,"Charlotte, NC",Financials,Commercial Banks,208024,93662.0,0.7,17906.0,12.7,2187702,266840.0
27,Alphabet,Alphabet Inc.,GOOGL,http://www.abc.xyz,"Mountain View, CA",Technology,Internet Services and Retailing,72053,90272.0,20.4,19478.0,19.1,167497,139036.0
28,Microsoft,Microsoft Corporation,MSFT,http://www.microsoft.com,"Redmond, WA",Technology,Computer Software,114000,85320.0,-8.8,16798.0,37.8,193694,71997.0
29,Anthem,"Anthem, Inc.",ANTM,http://www.antheminc.com,"Indianapolis, IN",Health Care,Health Care: Insurance and Managed Care,53000,84863.0,7.2,2469.8,-3.5,65083,25100.0
30,Citigroup,Citigroup Inc.,C,http://www.citigroup.com,"New York, NY",Financials,Commercial Banks,219000,82386.0,-6.7,14912.0,-13.5,1792077,225120.0
31,Comcast,Comcast Corporation,CMCSA,http://www.comcastcorporation.com,"Philadelphia, PA",Telecommunications,Telecommunications,159000,80403.0,7.9,8695.0,6.5,180500,53943.0
32,IBM,International Business Machines Corporation,IBM,http://www.ibm.com,"Armonk, NY",Technology,Information Technology Services,414400,79919.0,-3.1,11872.0,-10.0,117470,18246.0
33,State Farm Insurance Cos.,State Farm Insurance Cos.,,http://www.statefarm.com,"Bloomington, IL",Financials,Insurance: Property and Casualty (Mutual),68234,76132.0,0.6,350.3,-94.4,256030,87592.0
34,Phillips 66,Phillips 66,PSX,http://www.phillips66.com,"Houston, TX",Energy,Petroleum Refining,14800,72396.0,-16.9,1555.0,-63.2,51653,22390.0
35,Johnson & Johnson,Johnson & Johnson,JNJ,http://www.jnj.com,"New Brunswick, NJ",Health Care,Pharmaceuticals,126400,71890.0,2.6,16540.0,7.3,141208,70418.0
36,Procter & Gamble,The Procter & Gamble Company,PG,http://www.pg.com,"Cincinnati, OH",Household Products,Household and Personal Products,105000,71726.0,-8.9,10508.0,49.3,127136,57341.0
37,Valero Energy,Valero Energy Corporation,VLO,http://www.valero.com,"San Antonio, TX",Energy,Petroleum Refining,9996,70166.0,-14.2,2289.0,-42.6,46173,20024.0
38,Target,Target Corporation,TGT,http://www.target.com,"Minneapolis, MN",Retailing,General Merchandisers,323000,69495.0,-5.8,2737.0,-18.6,37431,10953.0
39,Freddie Mac,Freddie Mac,FMCC,http://www.freddiemac.com,"McLean, VA",Financials,Diversified Financials,5982,65665.0,3.4,7815.0,22.6,2023376,5075.0
40,Lowe’s,"Lowe's Companies, Inc.",LOW,http://www.lowes.com,"Mooresville, NC",Retailing,Specialty Retailers: Other,240000,65017.0,10.1,3093.0,21.5,34408,6434.0
41,Dell Technologies,Dell Technologies Inc.,,http://www.delltechnologies.com,"Round Rock, TX",Technology,"Computers, Office Equipment",138000,64806.0,18.1,-1672.0,,118206,13243.0
42,MetLife,"MetLife, Inc.",MET,http://www.metlife.com,"New York, NY",Financials,"Insurance: Life, Health (Stock)",58000,63476.0,-9.3,800.0,-84.9,898764,67309.0
43,Aetna,Aetna Inc.,AET,http://www.aetna.com,"Hartford, CT",Health Care,Health Care: Insurance and Managed Care,49500,63155.0,4.7,2271.0,-5.0,69146,17881.0
44,PepsiCo,"PepsiCo, Inc.",PEP,http://www.pepsico.com,"Purchase, NY","Food, Beverages & Tobacco",Food Consumer Products,264000,62799.0,-0.4,6329.0,16.1,74129,11095.0
45,Archer Daniels Midland,Archer-Daniels-Midland Company,ADM,http://www.adm.com,"Chicago, IL","Food, Beverages & Tobacco",Food Production,31800,62346.0,-7.9,1279.0,-30.8,39769,17173.0
46,UPS,"United Parcel Service, Inc.",UPS,http://www.ups.com,"Atlanta, GA",Transportation,"Mail, Package, and Freight Delivery",335520,60906.0,4.4,3431.0,-29.2,40377,405.0
47,Intel,Intel Corporation,INTC,http://www.intel.com,"Santa Clara, CA",Technology,Semiconductors and Other Electronic Components,106000,59387.0,7.3,10316.0,-9.7,113327,66226.0
48,Prudential Financial,"Prudential Financial, Inc.",PRU,http://www.prudential.com,"Newark, NJ",Financials,"Insurance: Life, Health (Stock)",49739,58779.0,2.9,4368.0,-22.6,783962,45863.0
49,Albertsons Cos.,"Albertsons Companies, Inc.",,http://www.albertsons.com,"Boise, ID",Food & Drug Stores,Food and Drug Stores,274000,58734.0,115.9,-502.2,,23770,1613.0
50,United Technologies,United Technologies Corporation,UTX,http://www.utc.com,"Farmington, CT",Aerospace & Defense,Aerospace and Defense,201600,57244.0,-6.2,5055.0,-33.6,89706,27579.0
51,Marathon Petroleum,Marathon Petroleum Corporation,MPC,http://www.marathonpetroleum.com,"Findlay, OH",Energy,Petroleum Refining,44460,55858.0,-13.5,1174.0,-58.8,44413,13557.0
52,Disney,The Walt Disney Company,DIS,http://www.disney.com,"Burbank, CA",Media,Entertainment,195000,55632.0,6.0,9391.0,12.0,92033,43265.0
53,Humana,Humana Inc.,HUM,http://www.humana.com,"Louisville, KY",Health Care,Health Care: Insurance and Managed Care,51600,54379.0,0.2,614.0,-51.9,25396,10685.0
54,Pfizer,Pfizer Inc.,PFE,http://www.pfizer.com,"New York, NY",Health Care,Pharmaceuticals,96500,52824.0,8.1,7215.0,3.7,171615,59544.0
55,AIG,"American International Group, Inc.",AIG,http://www.aig.com,"New York, NY",Financials,Insurance: Property and Casualty (Stock),56400,52367.0,-10.2,-849.0,-138.7,498264,76300.0
56,Lockheed Martin,Lockheed Martin Corporation,LMT,http://www.lockheedmartin.com,"Bethesda, MD",Aerospace & Defense,Aerospace and Defense,97000,50658.0,9.8,5302.0,47.1,47806,1511.0
57,Sysco,Sysco Corporation,SYY,http://www.sysco.com,"Houston, TX",Wholesalers,Wholesalers: Food and Grocery,51900,50367.0,3.5,949.6,38.3,16722,3480.0
58,FedEx,FedEx Corporation,FDX,http://www.fedex.com,"Memphis, TN",Transportation,"Mail, Package, and Freight Delivery",335767,50365.0,6.1,1820.0,73.3,46064,13784.0
59,Hewlett Packard Enterprise,Hewlett Packard Enterprise Company,HPE,http://www.hpe.com,"Palo Alto, CA",Technology,Information Technology Services,195000,50123.0,6.1,3161.0,,79679,31448.0
60,Cisco Systems,"Cisco Systems, Inc.",CSCO,http://www.cisco.com,"San Jose, CA",Technology,Network and Other Communications Equipment,73700,49247.0,0.2,10739.0,19.6,121652,63586.0
61,HP,HP Inc.,HPQ,http://www.hp.com,"Palo Alto, CA",Technology,"Computers, Office Equipment",49000,48238.0,-53.3,2496.0,-45.2,29010,-3889.0
62,Dow Chemical,The Dow Chemical Company,DOW,http://www.dow.com,"Midland, MI",Chemicals,Chemicals,56000,48158.0,-1.3,4318.0,-43.8,79511,25987.0
63,HCA Holdings,"HCA Holdings, Inc.",HCA,http://www.hcahealthcare.com,"Nashville, TN",Health Care,Health Care: Medical Facilities,210500,44747.0,2.7,2890.0,35.7,33758,-7302.0
64,Coca-Cola,The Coca-Cola Company,KO,http://www.coca-colacompany.com,"Atlanta, GA","Food, Beverages & Tobacco",Beverages,100300,41863.0,-5.5,6527.0,-11.2,87270,23062.0
65,New York Life Insurance,New York Life Insurance Company,,http://www.newyorklife.com,"New York, NY",Financials,"Insurance: Life, Health (Mutual)",11320,40787.0,-11.1,1088.1,324.1,287196,20108.0
66,Centene,Centene Corporation,CNC,http://www.centene.com,"St. Louis, MO",Health Care,Health Care: Insurance and Managed Care,30500,40721.0,78.6,562.0,58.3,20197,5895.0
67,American Airlines Group,American Airlines Group Inc.,AAL,http://www.aa.com,"Fort Worth, TX",Transportation,Airlines,122300,40180.0,-2.0,2676.0,-64.8,51274,3785.0
68,Nationwide,Nationwide Mutual Insurance Co.,,http://www.nationwide.com,"Columbus, OH",Financials,Insurance: Property and Casualty (Mutual),34320,40074.0,-0.4,334.3,-42.4,197790,15537.0
69,Merck,"Merck & Co., Inc.",MRK,http://www.merck.com,"Kenilworth, NJ",Health Care,Pharmaceuticals,68000,39807.0,0.8,3920.0,-11.8,95377,40088.0
70,Cigna,CIGNA Corporation,CI,http://www.cigna.com,"Bloomfield, CT",Health Care,Health Care: Insurance and Managed Care,41000,39668.0,4.7,1867.0,-10.8,59360,13723.0
71,Delta Air Lines,"Delta Air Lines, Inc.",DAL,http://www.delta.com,"Atlanta, GA",Transportation,Airlines,83756,39639.0,-2.6,4373.0,-3.4,51261,12287.0
72,Best Buy,"Best Buy Co., Inc.",BBY,http://www.bestbuy.com,"Richfield, MN",Retailing,Specialty Retailers: Other,125000,39403.0,-0.9,1228.0,36.9,13856,4709.0
73,Honeywell International,Honeywell International Inc.,HON,http://www.honeywell.com,"Morris Plains, NJ",Industrials,"Electronics, Electrical Equipment",131000,39302.0,1.9,4809.0,0.9,54146,19369.0
74,Caterpillar,Caterpillar Inc.,CAT,http://www.caterpillar.com,"Peoria, IL",Industrials,Construction and Farm Machinery,95400,38537.0,-18.0,-67.0,-103.2,74704,13137.0
75,Liberty Mutual Insurance Group,Liberty Mutual Holding Company Inc.,,http://www.libertymutual.com,"Boston, MA",Financials,Insurance: Property and Casualty (Stock),50000,38308.0,-2.9,1006.0,95.7,125592,20366.0
76,Morgan Stanley,Morgan Stanley,MS,http://www.morganstanley.com,"New York, NY",Financials,Commercial Banks,55311,37949.0,0.1,5979.0,-2.4,814949,76050.0
77,Massachusetts Mutual Life Insurance,Massachusetts Mutual Life Insurance Company,,http://www.massmutual.com,"Springfield, MA",Financials,"Insurance: Life, Health (Mutual)",11737,37788.0,-1.2,1273.5,-10.6,271040,15424.0
78,Goldman Sachs Group,"The Goldman Sachs Group, Inc.",GS,http://www.gs.com,"New York, NY",Financials,Commercial Banks,34400,37712.0,-3.8,7398.0,21.6,860165,86893.0
79,Energy Transfer Equity,"Energy Transfer Equity, L.P.",ETE,http://www.energytransfer.com,"Dallas, TX",Energy,Pipelines,30992,37504.0,-11.0,995.0,-16.3,79011,-1694.0
80,TIAA,Teachers Insurance and Annuity Association,,http://www.tiaa.org,"New York, NY",Financials,"Insurance: Life, Health (Mutual)",12997,37105.0,5.5,1492.3,22.9,523194,35583.0
81,Oracle,Oracle Corporation,ORCL,http://www.oracle.com,"Redwood City, CA",Technology,Computer Software,136000,37047.0,-3.1,8901.0,-10.4,112180,47289.0
82,Tyson Foods,"Tyson Foods, Inc.",TSN,http://www.tysonfoods.com,"Springdale, AR","Food, Beverages & Tobacco",Food Production,114000,36881.0,-10.9,1768.0,44.9,22373,9608.0
83,United Continental Holdings,"United Continental Holdings, Inc.",UAL,http://www.unitedcontinentalholdings.com,"Chicago, IL",Transportation,Airlines,88000,36556.0,-3.5,2263.0,-69.2,40140,8659.0
84,Allstate,The Allstate Corporation,ALL,http://www.allstate.com,"Northbrook, IL",Financials,Insurance: Property and Casualty (Stock),43275,36534.0,2.5,1877.0,-13.5,108610,20573.0
85,Publix Super Markets,"Publix Super Markets, Inc.",,http://www.publix.com,"Lakeland, FL",Food & Drug Stores,Food and Drug Stores,191000,34274.0,5.1,2025.7,3.1,17464,13473.0
86,American Express,American Express Company,AXP,http://www.americanexpress.com,"New York, NY",Financials,Diversified Financials,56400,33823.0,-1.8,5408.0,4.7,158893,20501.0
87,TJX,"The TJX Companies, Inc.",TJX,http://www.tjx.com,"Framingham, MA",Retailing,Specialty Retailers: Apparel,235000,33184.0,7.2,2298.2,0.9,12884,4511.0
88,Nike,"Nike, Inc.",NKE,http://www.nike.com,"Beaverton, OR",Apparel,Apparel,70700,32376.0,5.8,3760.0,14.9,21396,12258.0
89,Exelon,Exelon Corporation,EXC,http://www.exeloncorp.com,"Chicago, IL",Energy,Utilities: Gas and Electric,34396,31360.0,6.5,1134.0,-50.0,114904,25837.0
90,General Dynamics,General Dynamics Corporation,GD,http://www.generaldynamics.com,"Falls Church, VA",Aerospace & Defense,Aerospace and Defense,98800,31353.0,-0.4,2955.0,-0.3,32872,10976.0
91,Rite Aid,Rite Aid Corporation,RAD,http://www.riteaid.com,"Camp Hill, PA",Food & Drug Stores,,70580,30737.0,15.9,165.5,-92.2,11277,581.0
92,Gilead Sciences,"Gilead Sciences, Inc.",GILD,http://www.gilead.com,"Foster City, CA",Health Care,Pharmaceuticals,9000,30390.0,-6.9,13501.0,-25.4,56977,18887.0
93,CHS,CHS Inc.,,http://www.chsinc.com,"Inver Grove Heights, MN","Food, Beverages & Tobacco",Food Production,12157,30347.0,-12.2,424.2,-45.7,17318,7852.0
94,3M,3M Company,MMM,http://www.3m.com,"St. Paul, MN",Industrials,Miscellaneous,91584,30109.0,-0.5,5050.0,4.5,32906,10298.0
95,Time Warner,Time Warner Inc.,TWX,http://www.timewarner.com,"New York, NY",Media,Entertainment,25000,29318.0,4.3,3926.0,2.4,65966,24335.0
96,Charter Communications,"Charter Communications, Inc.",CHTR,http://www.charter.com,"Stamford, CT",Telecommunications,Telecommunications,91500,29003.0,197.3,3522.0,,149067,40139.0
97,Northwestern Mutual,"Northwestern Mutual Life Insurance Company, Inc.",,http://www.northwesternmutual.com,"Milwaukee, WI",Financials,"Insurance: Life, Health (Mutual)",5646,28799.0,2.4,818.0,0.4,250441,20226.0
98,Facebook,"Facebook, Inc.",FB,http://www.facebook.com,"Menlo Park, CA",Technology,Internet Services and Retailing,17048,27638.0,54.2,10217.0,177.0,64961,59194.0
99,Travelers Cos.,"The Travelers Companies, Inc.",TRV,http://www.travelers.com,"New York, NY",Financials,Insurance: Property and Casualty (Stock),30900,27625.0,3.1,3014.0,-12.4,100245,23221.0
100,Capital One Financial,Capital One Financial Corporation,COF,http://www.capitalone.com,"McLean, VA",Financials,Commercial Banks,47300,27519.0,9.6,3751.0,-7.4,357033,47514.0
101,Twenty-First Century Fox,"Twenty-First Century Fox, Inc.",FOXA,http://www.21cf.com,"New York, NY",Media,Entertainment,21500,27326.0,-5.7,2755.0,-66.8,48365,13661.0
102,USAA,United Services Automobile Association,,http://www.usaa.com,"San Antonio, TX",Financials,Insurance: Property and Casualty (Stock),29943,27131.0,11.4,1779.1,-21.7,147290,28840.0
103,World Fuel Services,World Fuel Services Corporation,INT,http://www.wfscorp.com,"Miami, FL",Energy,Energy,5000,27016.0,-11.1,126.5,-27.5,5413,1925.0
104,Philip Morris International,Philip Morris International Inc.,PM,http://www.pmi.com,"New York, NY","Food, Beverages & Tobacco",Tobacco,79500,26685.0,-0.4,6967.0,1.4,36851,-12688.0
105,Deere,Deere & Company,DE,http://www.johndeere.com,"Moline, IL",Industrials,Construction and Farm Machinery,56767,26644.0,-7.7,1523.9,-21.4,57981,6520.0
106,Kraft Heinz,The Kraft Heinz Company,KHC,http://www.kraftheinzcompany.com,"Pittsburgh, PA","Food, Beverages & Tobacco",Food Consumer Products,41000,26487.0,44.4,3632.0,472.9,120480,57358.0
107,Tech Data,Tech Data Corporation,TECD,http://www.techdata.com,"Clearwater, FL",Wholesalers,Wholesalers: Electronics and Office Equipment,9500,26235.0,-0.5,195.1,-26.6,7932,2170.0
108,Avnet,"Avnet, Inc.",AVT,http://www.avnet.com,"Phoenix, AZ",Wholesalers,Wholesalers: Electronics and Office Equipment,17700,26219.0,-6.1,506.5,-11.4,11240,4691.0
109,Mondelez International,"Mondelez International, Inc.",MDLZ,http://www.mondelezinternational.com,"Deerfield, IL","Food, Beverages & Tobacco",Food Consumer Products,90000,25923.0,-12.5,1659.0,-77.2,61538,25161.0
110,Macy’s,"Macy's, Inc.",M,http://www.macysinc.com,"Cincinnati, OH",Retailing,General Merchandisers,148300,25778.0,-4.8,619.0,-42.3,19851,4323.0
111,AbbVie,AbbVie Inc.,ABBV,http://www.abbvie.com,"North Chicago, IL",Health Care,Pharmaceuticals,30000,25638.0,12.2,5953.0,15.7,66099,4636.0
112,McDonald’s,McDonald's Corporation,MCD,http://www.aboutmcdonalds.com,"Oak Brook, IL","Hotels, Restaurants & Leisure",Food Services,375000,24622.0,-3.1,4686.5,3.5,31024,-2204.0
113,DuPont,E.I. du Pont de Nemours and Company,DD,http://www.dupont.com,"Wilmington, DE",Chemicals,Chemicals,46000,,-12.0,2513.0,28.7,39964,9998.0
114,Northrop Grumman,Northrop Grumman Corporation,NOC,http://www.northropgrumman.com,"Falls Church, VA",Aerospace & Defense,Aerospace and Defense,67000,,4.2,2200.0,10.6,25614,5259.0
115,ConocoPhillips,ConocoPhillips,COP,http://www.conocophillips.com,"Houston, TX",Energy,"Mining, Crude-Oil Production",13300,24360.0,-21.3,-3615.0,,89772,34974.0
116,Raytheon,Raytheon Company,RTN,http://www.raytheon.com,"Waltham, MA",Aerospace & Defense,Aerospace and Defense,63000,24069.0,3.5,2211.0,6.6,30052,10066.0
117,Tesoro,Tesoro Corporation,TSO,http://www.tsocorp.com,"San Antonio, TX",Energy,Petroleum Refining,6308,24005.0,-14.7,734.0,-52.3,20398,5465.0
118,Arrow Electronics,"Arrow Electronics, Inc",ARW,http://www.arrow.com,"Centennial, CO",Wholesalers,Wholesalers: Electronics and Office Equipment,18700,23825.0,2.3,522.8,5.0,14206,4413.0
119,Qualcomm,Qualcomm Incorporated,QCOM,http://www.qualcomm.com,"San Diego, CA",Technology,Semiconductors and Other Electronic Components,30500,23554.0,-6.8,5705.0,8.2,52359,31778.0
120,Progressive,The Progressive Corporation,PGR,http://www.progressive.com,"Mayfield Village, OH",Financials,Insurance: Property and Casualty (Stock),31721,23441.0,12.4,1031.0,-18.7,33428,7957.0
121,Duke Energy,Duke Energy Corporation,DUK,http://www.duke-energy.com,"Charlotte, NC",Energy,Utilities: Gas and Electric,28798,23369.0,-1.0,2152.0,-23.6,132761,41033.0
122,Enterprise Products Partners,Enterprise Products Partners L.P.,EPD,http://www.enterpriseproducts.com,"Houston, TX",Energy,Pipelines,6800,23022.0,-14.8,2513.1,-0.3,52194,22047.0
123,Amgen,Amgen Inc.,AMGN,http://www.amgen.com,"Thousand Oaks, CA",Health Care,Pharmaceuticals,19200,22991.0,6.1,7722.0,11.3,77626,29875.0
124,US Foods Holding,US Foods Holding Corp.,USFD,http://www.usfoods.com,"Rosemont, IL",Wholesalers,Wholesalers: Food and Grocery,25000,22919.0,-0.9,209.8,25.2,8945,2538.0
125,U.S. Bancorp,U.S. Bancorp,USB,http://www.usbank.com,"Minneapolis, MN",Financials,Commercial Banks,71191,22744.0,5.8,5888.0,0.2,445964,47298.0
126,Aflac,Aflac Incorporated,AFL,http://www.aflac.com,"Columbus, GA",Financials,"Insurance: Life, Health (Stock)",10212,22559.0,8.1,2659.0,5.0,129819,20482.0
127,Sears Holdings,Sears Holdings Corporation,SHLD,http://www.searsholdings.com,"Hoffman Estates, IL",Retailing,General Merchandisers,140000,22138.0,-12.0,-2221.0,,9362,-3824.0
128,Dollar General,Dollar General Corporation,DG,http://www.dollargeneral.com,"Goodlettsville, TN",Retailing,Specialty Retailers: Other,121000,21987.0,7.9,1251.1,7.4,11672,5406.0
129,AutoNation,"AutoNation, Inc.",AN,http://www.autonation.com,"Fort Lauderdale, FL",Retailing,"Automotive Retailing, Services",26000,21609.0,3.6,430.5,-2.7,10060,2310.0
130,Community Health Systems,"Community Health Systems, Inc.",CYH,http://www.chs.net,"Franklin, TN",Health Care,Health Care: Medical Facilities,108000,21374.0,-5.8,-1721.0,-1189.2,21944,1615.0
131,Starbucks,Starbucks Corporation,SBUX,http://www.starbucks.com,"Seattle, WA","Hotels, Restaurants & Leisure",Food Services,254000,21316.0,11.2,2817.7,2.2,14330,5884.0
132,Eli Lilly,Eli Lilly and Company,LLY,http://www.lilly.com,"Indianapolis, IN",Health Care,Pharmaceuticals,41975,21222.0,6.3,2737.6,13.7,38806,14008.0
133,International Paper,International Paper Company,IP,http://www.internationalpaper.com,"Memphis, TN",Materials,"Packaging, Containers",55000,21079.0,-5.8,904.0,-3.6,33345,4341.0
134,Tenet Healthcare,Tenet Healthcare Corporation,THC,http://www.tenethealth.com,"Dallas, TX",Health Care,Health Care: Medical Facilities,116475,21070.0,4.8,-192.0,,24701,417.0
135,Abbott Laboratories,Abbott Laboratories,ABT,http://www.abbott.com,"Abbott Park, IL",Health Care,,75000,20853.0,0.9,1400.0,-68.3,52666,20538.0
136,Dollar Tree,"Dollar Tree, Inc.",DLTR,http://www.dollartree.com,"Chesapeake, VA",Retailing,Specialty Retailers: Other,116050,20719.0,33.7,896.2,217.4,15702,5390.0
137,Whirlpool,Whirlpool Corporation,WHR,http://www.whirlpoolcorp.com,"Benton Harbor, MI",Industrials,"Electronics, Electrical Equipment",93000,20718.0,-0.8,888.0,13.4,19153,4773.0
138,Southwest Airlines,Southwest Airlines Co.,LUV,http://www.southwest.com,"Dallas, TX",Transportation,Airlines,53536,20425.0,3.1,2244.0,2.9,23286,8441.0
139,Emerson Electric,Emerson Electric Co.,EMR,http://www.emerson.com,"St. Louis, MO",Industrials,"Electronics, Electrical Equipment",103500,20268.0,-9.1,1635.0,-39.7,21743,7568.0
140,Staples,"Staples, Inc.",SPLS,http://www.staples.com,"Framingham, MA",Retailing,Specialty Retailers: Other,61503,20217.0,-4.0,-1497.0,-494.8,8271,3688.0
141,Plains GP Holdings,"Plains GP Holdings, L.P.",PAGP,http://www.plainsallamerican.com,"Houston, TX",Energy,,5100,20182.0,-12.8,94.0,-20.3,26103,1737.0
142,Penske Automotive Group,"Penske Automotive Group, Inc.",PAG,http://www.penskeautomotive.com,"Bloomfield Hills, MI",Retailing,"Automotive Retailing, Services",24000,20143.0,4.0,342.9,5.2,8861,1751.0
143,Union Pacific,Union Pacific Corporation,UNP,http://www.up.com,"Omaha, NE",Transportation,Railroads,42919,19941.0,-8.6,4233.0,-11.3,55718,19932.0
144,Danaher,Danaher Corporation,DHR,http://www.danaher.com,"Washington, DC",Technology,"Scientific, Photographic and Control Equipment",62000,19912.0,-4.8,2553.7,-23.9,45295,23003.0
145,Southern,The Southern Company,SO,http://www.southerncompany.com,"Atlanta, GA",Energy,Utilities: Gas and Electric,32015,19896.0,13.8,2448.0,3.4,109697,24758.0
146,ManpowerGroup,ManpowerGroup Inc.,MAN,http://www.manpowergroup.com,"Milwaukee, WI",Business Services,Temporary Help,28000,19654.0,1.7,443.7,5.8,7574,2362.0
147,Bristol-Myers Squibb,Bristol-Myers Squibb Company,BMY,http://www.bms.com,"New York, NY",Health Care,Pharmaceuticals,25000,19427.0,17.3,4457.0,184.8,33707,16177.0
148,Altria Group,"Altria Group, Inc.",MO,http://www.altria.com,"Richmond, VA","Food, Beverages & Tobacco",Tobacco,8300,19337.0,2.6,14239.0,171.7,45932,12770.0
149,Fluor,Fluor Corporation,FLR,http://www.fluor.com,"Irving, TX",Engineering & Construction,"Engineering, Construction",61551,19037.0,5.1,281.4,-31.8,9216,3125.0
150,Kohl’s,Kohl's Corporation,KSS,http://www.kohls.com,"Menomonee Falls, WI",Retailing,General Merchandisers,85000,18686.0,-2.7,556.0,-17.4,13574,5177.0
151,Lear,Lear Corporation,LEA,http://www.lear.com,"Southfield, MI",Motor Vehicles & Parts,Motor Vehicles and Parts,148400,18558.0,1.9,975.1,30.8,9901,3057.0
152,Jabil Circuit,"Jabil Circuit, Inc.",JBL,http://www.jabil.com,"St. Petersburg, FL",Technology,Semiconductors and Other Electronic Components,138000,18353.0,2.5,254.1,-10.5,10323,2438.0
153,Hartford Financial Services Group,"The Hartford Financial Services Group, Inc.",HIG,http://www.thehartford.com,"Hartford, CT",Financials,Insurance: Property and Casualty (Stock),16900,18300.0,-0.4,896.0,-46.7,223432,16903.0
154,Thermo Fisher Scientific,Thermo Fisher Scientific Inc.,TMO,http://www.thermofisher.com,"Waltham, MA",Technology,"Scientific, Photographic and Control Equipment",54800,18274.0,7.7,2021.8,2.3,45908,21539.0
155,Kimberly-Clark,Kimberly-Clark Corporation,KMB,http://www.kimberly-clark.com,"Irving, TX",Household Products,Household and Personal Products,42000,18202.0,-2.1,2166.0,113.8,14602,-102.0
156,Molina Healthcare,"Molina Healthcare, Inc.",MOH,http://www.molinahealthcare.com,"Long Beach, CA",Health Care,Health Care: Insurance and Managed Care,21000,17782.0,25.4,52.0,-63.6,7449,1649.0
157,PG&E Corp.,PG&E Corporation,PCG,http://www.pgecorp.com,"San Francisco, CA",Energy,Utilities: Gas and Electric,24000,17666.0,4.9,1393.0,59.4,68598,17940.0
158,Supervalu,Supervalu Inc.,SVU,http://www.supervalu.com,"Eden Prairie, MN",Food & Drug Stores,Food and Drug Stores,38000,17529.0,-1.6,178.0,-7.3,4370,-441.0
159,Cummins,Cummins Inc.,CMI,http://www.cummins.com,"Columbus, IN",Industrials,Industrial Machinery,55400,17509.0,-8.4,1394.0,-0.4,15011,6875.0
160,CenturyLink,"CenturyLink, Inc.",CTL,http://www.centurylink.com,"Monroe, LA",Telecommunications,Telecommunications,40000,17470.0,-2.4,626.0,-28.7,47017,13399.0
161,AECOM,AECOM,ACM,http://www.aecom.com,"Los Angeles, CA",Engineering & Construction,"Engineering, Construction",87000,17411.0,-3.2,96.1,,13727,3367.0
162,Xerox,Xerox Corporation,XRX,http://www.xerox.com,"Norwalk, CT",Technology,Computer Peripherals,133600,17126.0,-8.2,-477.0,-200.6,18145,4803.0
163,Marriott International,"Marriott International, Inc.",MAR,http://www.marriott.com,"Bethesda, MD","Hotels, Restaurants & Leisure","Hotels, Casinos, Resorts",226500,17072.0,17.9,780.0,-9.2,24140,5357.0
164,Paccar,PACCAR Inc,PCAR,http://www.paccar.com,"Bellevue, WA",Industrials,Construction and Farm Machinery,23000,17033.0,-10.9,521.7,-67.5,20639,6778.0
165,General Mills,"General Mills, Inc.",GIS,http://www.generalmills.com,"Minneapolis, MN","Food, Beverages & Tobacco",Food Consumer Products,39000,16563.0,-6.1,1697.4,39.0,21712,4930.0
166,PNC Financial Services Group,"The PNC Financial Services Group, Inc.",PNC,http://www.pnc.com,"Pittsburgh, PA",Financials,Commercial Banks,50683,16423.0,0.9,3903.0,-4.9,366380,45699.0
167,American Electric Power,"American Electric Power Company, Inc.",AEP,http://www.aep.com,"Columbus, OH",Energy,Utilities: Gas and Electric,17634,16380.0,-3.1,610.9,-70.2,63468,17397.0
168,Icahn Enterprises,Icahn Enterprises L.P.,IEP,http://www.ielp.com,"New York, NY",Financials,Diversified Financials,90980,16348.0,7.0,-1128.0,,33335,2154.0
169,Nucor,Nucor Corporation,NUE,http://www.nucor.com,"Charlotte, NC",Materials,Metals,23900,16208.0,-1.4,796.3,122.6,15224,7880.0
170,NextEra Energy,"NextEra Energy, Inc.",NEE,http://www.nexteraenergy.com,"Juno Beach, FL",Energy,Utilities: Gas and Electric,14700,16155.0,-7.6,2912.0,5.8,89993,24341.0
171,Performance Food Group,Performance Food Group Company,PFGC,http://www.pfgc.com,"Richmond, VA",Wholesalers,Wholesalers: Food and Grocery,13000,16105.0,5.5,68.3,20.9,3455,803.0
172,PBF Energy,PBF Energy Inc.,PBF,http://www.pbfenergy.com,"Parsippany, NJ",Energy,Petroleum Refining,3165,15920.0,21.3,170.8,16.7,7622,2025.0
173,Halliburton,Halliburton Company,HAL,http://www.halliburton.com,"Houston, TX",Energy,"Oil and Gas Equipment, Services",50000,15887.0,-32.8,-5763.0,,27000,9409.0
174,CarMax,"CarMax, Inc.",KMX,http://www.carmax.com,"Richmond, VA",Retailing,"Automotive Retailing, Services",22429,15833.0,6.4,623.4,4.4,14482,2905.0
175,Freeport-McMoRan,Freeport-McMoRan Inc.,FCX,http://www.fcx.com,"Phoenix, AZ",Energy,"Mining, Crude-Oil Production",30000,15789.0,-0.6,-4154.0,,37317,6051.0
176,Whole Foods Market,"Whole Foods Market, Inc.",WFM,http://www.wholefoodsmarket.com,"Austin, TX",Food & Drug Stores,Food and Drug Stores,73515,15724.0,2.2,507.0,-5.4,6341,3224.0
177,Bank of New York Mellon,The Bank of New York Mellon Corporation,BK,http://www.bnymellon.com,"New York, NY",Financials,Commercial Banks,52000,15683.0,1.0,3547.0,12.3,333469,38811.0
178,Gap,"The Gap, Inc.",GPS,http://www.gapinc.com,"San Francisco, CA",Retailing,Specialty Retailers: Apparel,135000,15516.0,-1.8,676.0,-26.5,7610,2904.0
179,Omnicom Group,Omnicom Group Inc.,OMC,http://www.omnicomgroup.com,"New York, NY",Business Services,"Advertising, Marketing",78500,15417.0,1.9,1148.6,5.0,23165,2162.0
180,Genuine Parts,Genuine Parts Company,GPC,http://www.genpt.com,"Atlanta, GA",Wholesalers,Wholesalers: Diversified,40000,15340.0,0.4,687.2,-2.6,8859,3194.0
181,DaVita,DaVita Inc.,DVA,http://www.davita.com,"Denver, CO",Health Care,Health Care: Medical Facilities,70300,15197.0,6.9,879.9,226.2,18741,4648.0
182,Colgate-Palmolive,Colgate-Palmolive Company,CL,http://www.colgatepalmolive.com,"New York, NY",Household Products,Household and Personal Products,36700,15195.0,-5.2,2441.0,76.4,12123,-243.0
183,PPG Industries,"PPG Industries, Inc.",PPG,http://www.ppg.com,"Pittsburgh, PA",Chemicals,Chemicals,47000,15178.0,-1.0,877.0,-37.6,15769,4826.0
184,Goodyear Tire & Rubber,The Goodyear Tire & Rubber Company,GT,http://www.goodyear.com,"Akron, OH",Motor Vehicles & Parts,Motor Vehicles and Parts,66000,15158.0,-7.8,1264.0,311.7,16511,4507.0
185,Synchrony Financial,Synchrony Financial,SYF,http://www.synchronyfinancial.com,"Stamford, CT",Financials,Diversified Financials,15000,15122.0,11.0,2251.0,1.7,90207,14196.0
186,DISH Network,DISH Network Corporation,DISH,http://www.dish.com,"Englewood, CO",Telecommunications,Telecommunications,16000,15095.0,0.2,1449.9,94.1,28092,4637.0
187,Visa,Visa Inc.,V,http://www.visa.com,"Foster City, CA",Business Services,Financial Data Services,14200,15082.0,8.7,5991.0,-5.3,64035,32912.0
188,Nordstrom,"Nordstrom, Inc.",JWN,http://www.nordstrom.com,"Seattle, WA",Retailing,General Merchandisers,72500,14757.0,2.2,354.0,-41.0,7858,870.0
189,INTL FCStone,INTL FCStone Inc.,INTL,http://www.intlfcstone.com,"New York, NY",Financials,Diversified Financials,1464,14755.0,-57.5,54.7,-1.8,5951,434.0
190,WestRock,WestRock Company,WRK,http://www.westrock.com,"Richmond, VA",Materials,"Packaging, Containers",39000,14706.0,29.2,-396.3,-178.2,23038,9729.0
191,XPO Logistics,"XPO Logistics, Inc.",XPO,http://www.xpo.com,"Greenwich, CT",Transportation,Transportation and Logistics,87000,14619.0,91.8,69.0,,11698,2700.0
192,Aramark,Aramark,ARMK,http://www.aramark.com,"Philadelphia, PA",Business Services,Diversified Outsourcing Services,217250,14416.0,0.6,287.8,22.0,10582,2161.0
193,CBS,CBS Corporation,CBS,http://www.cbscorporation.com,"New York, NY",Media,Entertainment,18410,14386.0,3.6,1261.0,-10.8,24238,3689.0
194,AES,The AES Corporation,AES,http://www.aes.com,"Arlington, VA",Energy,Utilities: Gas and Electric,19000,14287.0,-4.5,-1130.0,-469.3,36119,2794.0
195,WellCare Health Plans,"WellCare Health Plans, Inc.",WCG,http://www.wellcare.com,"Tampa, FL",Health Care,Health Care: Insurance and Managed Care,7400,14237.0,2.5,242.1,104.1,6153,2000.0
196,FirstEnergy,FirstEnergy Corp.,FE,http://www.firstenergycorp.com,"Akron, OH",Energy,Utilities: Gas and Electric,15707,14156.0,-3.1,-6177.0,-1168.7,43148,6241.0
197,Conagra Brands,"Conagra Brands, Inc.",CAG,http://www.conagrabrands.com,"Chicago, IL","Food, Beverages & Tobacco",Food Consumer Products,20900,14134.0,-10.8,-677.0,,13391,3714.0
198,Synnex,Synnex Corporation,SNX,http://www.synnex.com,"Fremont, CA",Wholesalers,Wholesalers: Electronics and Office Equipment,110000,14062.0,5.4,234.9,12.7,5223,1976.0
199,CDW,CDW Corporation,CDW,http://www.cdw.com,"Lincolnshire, IL",Technology,Information Technology Services,8516,13982.0,7.6,424.4,5.3,6948,1046.0
200,Textron,Textron Inc.,TXT,http://www.textron.com,"Providence, RI",Aerospace & Defense,Aerospace and Defense,36000,13788.0,2.7,962.0,38.0,15358,5574.0
201,Waste Management,"Waste Management, Inc.",WM,http://www.wm.com,"Houston, TX",Business Services,Waste Management,41200,13609.0,5.0,1182.0,57.0,20859,5297.0
202,Illinois Tool Works,Illinois Tool Works Inc.,ITW,http://www.itw.com,"Glenview, IL",Industrials,Industrial Machinery,50000,,1.4,2035.0,7.2,15201,4254.0
203,Office Depot,"Office Depot, Inc.",ODP,http://www.officedepot.com,"Boca Raton, FL",Retailing,Specialty Retailers: Other,38000,13585.0,-6.2,529.0,,5540,1852.0
204,Monsanto,Monsanto Company,MON,http://www.monsanto.com,"St. Louis, MO",Chemicals,Chemicals,22450,13502.0,-10.0,1336.0,-42.3,19736,4534.0
205,Cognizant Technology Solutions,Cognizant Technology Solutions Corporation,CTSH,http://www.cognizant.com,"Teaneck, NJ",Technology,Information Technology Services,260200,13487.0,8.6,1553.0,-4.3,14262,10728.0
206,Texas Instruments,Texas Instruments Incorporated,TXN,http://www.ti.com,"Dallas, TX",Technology,Semiconductors and Other Electronic Components,29865,13370.0,2.8,3595.0,20.4,16431,10473.0
207,Lincoln National,Lincoln National Corporation,LNC,http://www.lfg.com,"Radnor, PA",Financials,"Insurance: Life, Health (Stock)",9057,13330.0,-1.8,1192.0,3.3,261627,14478.0
208,Newell Brands,Newell Brands Inc.,NWL,http://www.newellbrands.com,"Hoboken, NJ",Household Products,"Home Equipment, Furnishings",53400,13264.0,122.1,527.8,50.8,33838,11349.0
209,Land O’Lakes,"Land O'Lakes, Inc.",,http://www.landolakesinc.com,"Arden Hills, MN","Food, Beverages & Tobacco",Food Consumer Products,10000,13233.0,0.6,244.9,-20.4,8305,1904.0
210,Marsh & McLennan,"Marsh & McLennan Companies, Inc.",MMC,http://www.mmc.com,"New York, NY",Financials,Diversified Financials,60000,13211.0,2.5,1768.0,10.6,18190,6192.0
211,Ecolab,Ecolab Inc.,ECL,http://www.ecolab.com,"St. Paul, MN",Chemicals,,47565,13153.0,-2.9,1229.6,22.7,18330,6901.0
212,C.H. Robinson Worldwide,"C. H. Robinson Worldwide, Inc.",CHRW,http://www.chrobinson.com,"Eden Prairie, MN",Transportation,Transportation and Logistics,14125,13144.0,-2.5,513.4,0.7,3688,1258.0
213,Loews,Loews Corporation,L,http://www.loews.com,"New York, NY",Financials,Insurance: Property and Casualty (Stock),15800,13105.0,-2.3,654.0,151.5,76594,18163.0
214,CBRE Group,"CBRE Group, Inc.",CBG,http://www.cbre.com,"Los Angeles, CA",Financials,Real Estate,75000,13072.0,20.4,572.0,4.5,10780,3015.0
215,Kinder Morgan,"Kinder Morgan, Inc.",KMI,http://www.kindermorgan.com,"Houston, TX",Energy,Pipelines,11121,13058.0,-9.3,708.0,179.8,80305,34431.0
216,Kellogg,Kellogg Company,K,http://www.kelloggcompany.com,"Battle Creek, MI","Food, Beverages & Tobacco",Food Consumer Products,37369,13014.0,-3.8,694.0,13.0,15111,1910.0
217,Western Digital,Western Digital Corporation,WDC,http://www.westerndigital.com,"Irvine, CA",Technology,Computer Peripherals,72878,12994.0,-10.8,242.0,-83.5,32862,11145.0
218,Guardian Life Ins. Co. of America,Guardian Life Ins. Co. of America,,http://www.guardianlife.com,"New York, NY",Financials,"Insurance: Life, Health (Mutual)",8876,12919.0,2.3,263.9,-35.7,70339,6172.5
219,Ross Stores,"Ross Stores, Inc.",ROST,http://www.rossstores.com,"Dublin, CA",Retailing,Specialty Retailers: Apparel,78600,12867.0,7.8,1117.7,9.5,5309,2748.0
220,L Brands,"L Brands, Inc.",LB,http://www.lb.com,"Columbus, OH",Retailing,Specialty Retailers: Apparel,59100,12574.0,3.5,1158.1,-7.6,8170,-729.0
221,J.C. Penney,"J.C. Penney Company, Inc.",JCP,http://www.jcpenney.com,"Plano, TX",Retailing,General Merchandisers,106000,12547.0,-0.6,1.0,,9314,1354.0
222,Farmers Insurance Exchange,Farmers Insurance Exchange,,http://www.farmers.com,"Woodland Hills, CA",Financials,Insurance: Property and Casualty (Mutual),13309,12513.0,-0.9,-147.9,,16057,4219.0
223,Reynolds American,Reynolds American Inc.,RAI,http://www.reynoldsamerican.com,"Winston-Salem, NC","Food, Beverages & Tobacco",Tobacco,5525,12503.0,17.1,6073.0,86.7,51095,21711.0
224,Viacom,Viacom Inc.,VIAB,http://www.viacom.com,"New York, NY",Media,Entertainment,9650,12488.0,-5.9,1438.0,-25.2,22508,4277.0
225,Becton Dickinson,"Becton, Dickinson and Company",BDX,http://www.bd.com,"Franklin Lakes, NJ",Health Care,Medical Products and Equipment,50928,12483.0,21.4,976.0,40.4,25586,7633.0
226,Micron Technology,"Micron Technology, Inc.",MU,http://www.micron.com,"Boise, ID",Technology,Semiconductors and Other Electronic Components,31400,12399.0,-23.4,-276.0,-109.5,27540,12080.0
227,Principal Financial,"Principal Financial Group, Inc.",PFG,http://www.principal.com,"Des Moines, IA",Financials,"Insurance: Life, Health (Stock)",14854,12394.0,3.6,1316.5,6.7,228014,10227.0
228,Arconic,Arconic Inc.,ARNC,http://www.arconic.com,"New York, NY",Aerospace & Defense,Aerospace and Defense,41500,12394.0,-45.0,-941.0,,20038,5115.0
229,NRG Energy,"NRG Energy, Inc.",NRG,http://www.nrg.com,"Princeton, NJ",Energy,Energy,8763,12351.0,-15.8,-774.0,,30355,2041.0
230,VF,V.F. Corporation,VFC,http://www.vfc.com,"Greensboro, NC",Apparel,Apparel,69000,12207.0,-1.4,1074.1,-12.8,9739,4941.0
231,Devon Energy,Devon Energy Corporation,DVN,http://www.devonenergy.com,"Oklahoma City, OK",Energy,"Mining, Crude-Oil Production",3545,12197.0,-7.2,-3302.0,,25913,5927.0
232,D.R. Horton,"D.R. Horton, Inc.",DHI,http://www.drhorton.com,"Fort Worth, TX",Engineering & Construction,Homebuilders,6976,12157.0,12.3,886.3,18.1,11559,6793.0
233,Bed Bath & Beyond,Bed Bath & Beyond Inc.,BBBY,http://www.bedbathandbeyond.com,"Union, NJ",Retailing,Specialty Retailers: Other,62000,12104.0,1.9,841.5,-12.1,6499,2560.0
234,Consolidated Edison,"Consolidated Edison, Inc.",ED,http://www.conedison.com,"New York, NY",Energy,Utilities: Gas and Electric,14960,12075.0,-3.8,1245.0,4.4,48255,14298.0
235,Edison International,Edison International,EIX,http://www.edisoninvestor.com,"Rosemead, CA",Energy,Utilities: Gas and Electric,12390,11869.0,3.0,1311.0,28.5,51319,11996.0
236,Sherwin-Williams,The Sherwin-Williams Company,SHW,http://www.sherwin.com,"Cleveland, OH",Chemicals,,42550,11856.0,4.6,1132.7,7.5,6753,1878.0
237,NGL Energy Partners,NGL Energy Partners LP,NGL,http://www.nglenergypartners.com,"Tulsa, OK",Energy,Energy,3200,11742.0,-30.1,-198.9,-633.2,5560,1656.0
238,Dominion Energy,"Dominion Energy, Inc.",D,http://www.dominionenergy.com,"Richmond, VA",Energy,Utilities: Gas and Electric,16200,11737.0,0.5,2123.0,11.8,71610,14605.0
239,Ameriprise Financial,"Ameriprise Financial, Inc.",AMP,http://www.ameriprise.com,"Minneapolis, MN",Financials,Diversified Financials,13195,11735.0,-3.8,1314.0,-15.9,139821,6292.0
240,ADP,"Automatic Data Processing, Inc.",ADP,http://www.adp.com,"Roseland, NJ",Business Services,Diversified Outsourcing Services,57000,11668.0,1.7,1492.5,2.8,43670,4482.0
241,Hilton Worldwide Holdings,Hilton Worldwide Holdings Inc.,HLT,http://www.hiltonworldwide.com,"McLean, VA","Hotels, Restaurants & Leisure","Hotels, Casinos, Resorts",169000,11663.0,3.5,348.0,-75.2,26211,5899.0
242,First Data,First Data Corporation,FDC,http://www.firstdata.com,"Atlanta, GA",Business Services,Financial Data Services,24000,11584.0,1.2,420.0,,40292,1220.0
243,Henry Schein,"Henry Schein, Inc.",HSIC,http://www.henryschein.com,"Melville, NY",Wholesalers,Wholesalers: Health Care,21000,11572.0,8.9,506.8,5.8,6730,2793.0
244,Toys “R” Us,"Toys ""R"" Us, Inc.",,http://www.toysrusinc.com,"Wayne, NJ",Retailing,Specialty Retailers: Other,64000,11540.0,-2.2,-36.0,,6908,-1292.0
245,BB&T Corp.,BB&T Corporation,BBT,http://www.bbt.com,"Winston-Salem, NC",Financials,Commercial Banks,37500,11538.0,11.5,2426.0,16.4,219276,29881.0
246,Reinsurance Group of America,"Reinsurance Group of America, Incorporated",RGA,http://www.rgare.com,"Chesterfield, MO",Financials,"Insurance: Life, Health (Stock)",2371,11522.0,10.6,701.4,39.7,53098,7093.1
247,Core-Mark Holding,"Core-Mark Holding Company, Inc.",CORE,http://www.core-mark.com,"South San Francisco, CA",Wholesalers,Wholesalers: Food and Grocery,7688,11507.0,29.9,54.2,5.2,1497,530.0
248,Biogen,Biogen Inc.,BIIB,http://www.biogen.com,"Cambridge, MA",Health Care,Pharmaceuticals,7400,11449.0,6.4,3702.8,4.4,22877,12140.0
249,Las Vegas Sands,Las Vegas Sands Corp.,LVS,http://www.sands.com,"Las Vegas, NV","Hotels, Restaurants & Leisure","Hotels, Casinos, Resorts",49000,11410.0,-2.4,1670.0,-15.1,20469,6177.0
250,Stanley Black & Decker,"Stanley Black & Decker, Inc.",SWK,http://www.stanleyblackanddecker.com,"New Britain, CT",Household Products,"Home Equipment, Furnishings",54023,11407.0,1.7,965.3,9.2,15635,6367.0
251,Parker-Hannifin,Parker-Hannifin Corporation,PH,http://www.parker.com,"Cleveland, OH",Industrials,Industrial Machinery,48950,11361.0,-10.6,806.8,-20.3,12057,4575.0
252,Stryker,Stryker Corporation,SYK,http://www.stryker.com,"Kalamazoo, MI",Health Care,Medical Products and Equipment,33000,11325.0,13.9,1647.0,14.5,20435,9550.0
253,Estee Lauder,The Estee Lauder Companies Inc.,EL,http://www.elcompanies.com,"New York, NY",Household Products,Household and Personal Products,46000,11262.0,4.5,1114.6,2.4,9223,3572.0
254,Celgene,Celgene Corporation,CELG,http://www.celgene.com,"Summit, NJ",Health Care,Pharmaceuticals,7132,11229.0,21.3,1999.2,24.8,28086,6599.0
255,BlackRock,"BlackRock, Inc.",BLK,http://www.blackrock.com,"New York, NY",Financials,Securities,13000,11155.0,-2.2,3172.0,-5.2,220177,29098.0
256,Xcel Energy,Xcel Energy Inc.,XEL,http://www.xcelenergy.com,"Minneapolis, MN",Energy,Utilities: Gas and Electric,11476,11107.0,0.7,1123.4,14.1,41155,11021.0
257,CSX,CSX Corporation,CSX,http://www.csx.com,"Jacksonville, FL",Transportation,Railroads,26628,11069.0,-6.3,1714.0,-12.9,35414,11679.0
258,Unum Group,Unum Group,UNM,http://www.unum.com,"Chattanooga, TN",Financials,"Insurance: Life, Health (Stock)",9400,11047.0,2.9,931.4,7.4,61942,8968.0
259,Jacobs Engineering Group,Jacobs Engineering Group Inc.,JEC,http://www.jacobs.com,"Dallas, TX",Engineering & Construction,"Engineering, Construction",49350,10964.0,-9.5,210.5,-30.5,7360,4265.0
260,Lennar,Lennar Corporation,LEN,http://www.lennar.com,"Miami, FL",Engineering & Construction,Homebuilders,8335,10950.0,15.6,911.8,13.6,15362,7026.0
261,Group 1 Automotive,"Group 1 Automotive, Inc.",GPI,http://www.group1auto.com,"Houston, TX",Retailing,"Automotive Retailing, Services",13500,10888.0,2.4,147.1,56.5,4462,930.0
262,Leucadia National,Leucadia National Corporation,LUK,http://www.leucadia.com,"New York, NY",Financials,Diversified Financials,13000,10875.0,-6.9,130.0,-54.2,45071,10128.0
263,Entergy,Entergy Corporation,ETR,http://www.entergy.com,"New Orleans, LA",Energy,Utilities: Gas and Electric,13513,10846.0,-5.8,-583.6,,45904,8082.0
264,PayPal Holdings,"PayPal Holdings, Inc.",PYPL,http://www.paypal.com,"San Jose, CA",Business Services,Financial Data Services,18100,10842.0,17.2,1401.0,14.1,33103,14712.0
265,Applied Materials,"Applied Materials, Inc.",AMAT,http://www.appliedmaterials.com,"Santa Clara, CA",Technology,Semiconductors and Other Electronic Components,16150,10825.0,12.1,1721.0,25.0,14588,7217.0
266,Voya Financial,"Voya Financial, Inc.",VOYA,http://www.voya.com,"New York, NY",Financials,Diversified Financials,6700,10782.0,-4.9,-428.0,-204.8,214235,12994.0
267,Mastercard,Mastercard Incorporated,MA,http://www.mastercard.com,"Purchase, NY",Business Services,Financial Data Services,11900,10776.0,11.5,4059.0,6.6,18675,5656.0
268,Priceline Group,The Priceline Group Inc.,PCLN,http://www.pricelinegroup.com,"Norwalk, CT",Technology,Internet Services and Retailing,18500,10743.0,16.5,2135.0,-16.3,19839,9820.0
269,Liberty Interactive,Liberty Interactive Corporation,QVCA,http://www.libertyinteractive.com,"Englewood, CO",Retailing,Internet Services and Retailing,21080,10647.0,6.6,1235.0,42.1,20355,6772.0
270,AutoZone,"AutoZone, Inc.",AZO,http://www.autozone.com,"Memphis, TN",Retailing,Specialty Retailers: Other,66780,10636.0,4.4,1241.0,7.0,8600,-1788.0
271,State Street Corp.,State Street Corporation,STT,http://www.statestreet.com,"Boston, MA",Financials,Commercial Banks,33783,10635.0,-1.2,2143.0,8.2,242698,21219.0
272,DTE Energy,DTE Energy Company,DTE,http://www.dteenergy.com,"Detroit, MI",Energy,Utilities: Gas and Electric,10000,10630.0,2.8,868.0,19.4,32041,9011.0
273,L3 Technologies,"L3 Technologies, Inc.",LLL,http://www.l3t.com,"New York, NY",Aerospace & Defense,Aerospace and Defense,38000,10597.0,-8.3,710.0,,11865,4553.0
274,HollyFrontier,HollyFrontier Corporation,HFC,http://www.hollyfrontier.com,"Dallas, TX",Energy,Petroleum Refining,2676,10536.0,-20.4,-260.5,-135.2,9436,4681.0
275,Praxair,"Praxair, Inc.",PX,http://www.praxair.com,"Danbury, CT",Chemicals,Chemicals,26498,10534.0,-2.2,1500.0,-3.0,19332,5021.0
276,Universal Health Services,"Universal Health Services, Inc.",UHS,http://www.uhsinc.com,"King of Prussia, PA",Health Care,Health Care: Medical Facilities,70863,10508.0,7.4,702.4,3.2,10318,4533.0
277,Discover Financial Services,Discover Financial Services,DFS,http://www.discover.com,"Riverwoods, IL",Financials,Commercial Banks,15549,10497.0,4.9,2393.0,4.2,92308,11323.0
278,Occidental Petroleum,Occidental Petroleum Corporation,OXY,http://www.oxy.com,"Houston, TX",Energy,,11000,10398.0,-18.1,-574.0,,43109,21497.0
279,United States Steel,United States Steel Corporation,X,http://www.ussteel.com,"Pittsburgh, PA",Materials,Metals,29800,10261.0,-11.3,-440.0,,9160,2274.0
280,Sempra Energy,Sempra Energy,SRE,http://www.sempra.com,"San Diego, CA",Energy,Utilities: Gas and Electric,16575,10183.0,-0.5,1370.0,1.6,47786,12951.0
281,Baxter International,Baxter International Inc.,BAX,http://www.baxter.com,"Deerfield, IL",Health Care,Medical Products and Equipment,48000,10163.0,2.0,4965.0,412.9,15546,8290.0
282,W.W. Grainger,"W.W. Grainger, Inc.",GWW,http://www.grainger.com,"Lake Forest, IL",Wholesalers,Wholesalers: Diversified,25000,10137.0,1.6,605.9,-21.2,5694,1798.0
283,Autoliv,"Autoliv, Inc.",ALV,http://www.autoliv.com,"Auburn Hills, MI",Motor Vehicles & Parts,Motor Vehicles and Parts,65900,10074.0,9.9,567.1,24.1,8234,3677.0
284,Norfolk Southern,Norfolk Southern Corporation,NSC,http://www.nscorp.com,"Norfolk, VA",Transportation,Railroads,27856,9888.0,-5.9,1668.0,7.2,34892,12409.0
285,Baker Hughes,Baker Hughes Incorporated,BHI,http://www.bakerhughes.com,"Houston, TX",Energy,"Oil and Gas Equipment, Services",33000,9841.0,-37.5,-2738.0,,19034,12656.0
286,Ally Financial,Ally Financial Inc.,ALLY,http://www.ally.com,"Detroit, MI",Financials,Diversified Financials,7600,9835.0,3.1,1067.0,-17.2,163728,13317.0
287,Sonic Automotive,"Sonic Automotive, Inc",SAH,http://www.sonicautomotive.com,"Charlotte, NC",Retailing,"Automotive Retailing, Services",9800,9732.0,1.1,93.2,8.0,3639,725.0
288,Owens & Minor,"Owens & Minor, Inc.",OMI,http://www.owens-minor.com,"Mechanicsville, VA",Wholesalers,Wholesalers: Health Care,7900,9723.0,-0.5,108.8,5.2,2718,960.0
289,Huntsman,Huntsman Corporation,HUN,http://www.huntsman.com,"The Woodlands, TX",Chemicals,Chemicals,15000,9657.0,-6.2,326.0,250.5,9189,1287.0
290,Laboratory Corp. of America,Laboratory Corporation of America Holdings,LH,http://www.labcorp.com,"Burlington, NC",Health Care,Health Care: Pharmacy and Other Services,52000,9642.0,11.1,732.1,67.6,14247,5506.0
291,Murphy USA,Murphy USA Inc.,MUSA,http://www.murphyusa.com,"El Dorado, AR",Retailing,Specialty Retailers: Other,6600,9633.0,-11.5,221.5,25.6,2089,697.0
292,Advance Auto Parts,"Advance Auto Parts, Inc.",AAP,http://www.advanceautoparts.com,"Roanoke, VA",Retailing,Specialty Retailers: Other,57500,9568.0,-1.7,459.6,-2.9,8315,2916.0
293,Fidelity National Financial,"Fidelity National Financial, Inc.",FNF,http://www.fnf.com,"Jacksonville, FL",Financials,Insurance: Property and Casualty (Stock),55219,9554.0,4.6,650.0,23.3,14463,5996.0
294,Air Products & Chemicals,"Air Products & Chemicals, Inc.",APD,http://www.airproducts.com,"Allentown, PA",Chemicals,Chemicals,18450,9524.0,-3.7,631.1,-50.6,18055,7080.0
295,Hormel Foods,Hormel Foods Corporation,HRL,http://www.hormelfoods.com,"Austin, MN","Food, Beverages & Tobacco",Food Consumer Products,21100,9523.0,2.8,890.1,29.7,6370,4448.0
296,Hertz Global Holdings,"Hertz Global Holdings, Inc.",HTZ,http://www.hertz.com,"Estero, FL",Retailing,"Automotive Retailing, Services",36000,9480.0,-10.0,-491.0,-279.9,19155,1075.0
297,MGM Resorts International,MGM Resorts International,MGM,http://www.mgmresorts.com,"Las Vegas, NV","Hotels, Restaurants & Leisure","Hotels, Casinos, Resorts",66500,9455.0,2.9,1101.4,,28173,6220.0
298,Corning,Corning Incorporated,GLW,http://www.corning.com,"Corning, NY",Industrials,"Electronics, Electrical Equipment",40700,9390.0,3.1,3695.0,176.0,27899,17893.0
299,Republic Services,"Republic Services, Inc.",RSG,http://www.republicservices.com,"Phoenix, AZ",Business Services,Waste Management,33000,9388.0,3.0,612.6,-18.3,20630,7691.0
300,Alcoa,Alcoa Corporation,AA,http://www.alcoa.com,"New York, NY",Materials,Metals,14000,9318.0,3.0,-400.0,,16741,5654.0
301,Fidelity National Information Services,"Fidelity National Information Services, Inc.",FIS,http://www.fisglobal.com,"Jacksonville, FL",Business Services,Financial Data Services,55000,9241.0,40.1,568.0,-10.1,26031,9741.0
302,Pacific Life,Pacific Life,,http://www.pacificlife.com,"Newport Beach, CA",Financials,"Insurance: Life, Health (Stock)",3628,9169.0,6.1,824.0,24.7,143298,11022.0
303,SunTrust Banks,"SunTrust Banks, Inc.",STI,http://www.suntrust.com,"Atlanta, GA",Financials,Commercial Banks,24375,9161.0,7.4,1878.0,-2.8,204875,23515.0
304,LKQ,LKQ Corporation,LKQ,http://www.lkqcorp.com,"Chicago, IL",Wholesalers,Wholesalers: Diversified,42500,9082.0,26.3,464.0,9.6,8303,3442.9
305,BorgWarner,BorgWarner Inc.,BWA,http://www.borgwarner.com,"Auburn Hills, MI",Motor Vehicles & Parts,Motor Vehicles and Parts,27000,9071.0,13.1,118.5,-80.6,8835,3218.3
306,Ball,Ball Corporation,BLL,http://www.ball.com,"Broomfield, CO",Materials,"Packaging, Containers",18450,9061.0,13.3,263.0,-6.4,16173,3435.0
306,CST Brands,"CST Brands, Inc.",CST,http://www.cstbrands.com,"San Antonio, TX",Retailing,Specialty Retailers: Other,12380,9061.0,-4.6,324.0,117.4,4360,1229.0
306,Public Service Enterprise Group,Public Service Enterprise Group Incorporated,PEG,http://www.pseg.com,"Newark, NJ",Energy,Utilities: Gas and Electric,13065,9061.0,-13.0,887.0,-47.2,40070,13130.0
309,Eastman Chemical,Eastman Chemical Company,EMN,http://www.eastman.com,"Kingsport, TN",Chemicals,Chemicals,14000,9008.0,-6.6,854.0,0.7,15457,4532.0
310,eBay,eBay Inc.,EBAY,http://www.ebay.com,"San Jose, CA",Technology,Internet Services and Retailing,12600,8979.0,-5.4,7266.0,321.2,23847,10539.0
311,Mohawk Industries,"Mohawk Industries, Inc.",MHK,http://www.mohawkind.com,"Calhoun, GA",Household Products,"Home Equipment, Furnishings",37800,8959.0,11.0,930.4,51.2,10231,5777.0
312,Oneok,"ONEOK, Inc.",OKE,http://www.oneok.com,"Tulsa, OK",Energy,,2384,8921.0,14.9,352.0,43.7,16139,189.0
313,Frontier Communications,Frontier Communications Corporation,FTR,http://www.frontier.com,"Norwalk, CT",Telecommunications,Telecommunications,28332,8896.0,59.5,-373.0,,29013,4519.0
314,Netflix,"Netflix, Inc.",NFLX,http://www.netflix.com,"Los Gatos, CA",Technology,Internet Services and Retailing,3850,8831.0,30.3,186.7,52.2,13587,2680.0
315,American Family Insurance Group,American Family Insurance Group,,http://www.amfam.com,"Madison, WI",Financials,Insurance: Property and Casualty (Stock),10471,8829.0,6.6,325.6,-53.1,22662,7760.0
316,Thrivent Financial for Lutherans,Thrivent Financial for Lutherans,,http://www.thrivent.com,"Minneapolis, MN",Financials,"Insurance: Life, Health (Mutual)",3282,8777.0,-0.1,587.8,-23.6,88561,7726.0
317,Expedia,"Expedia, Inc.",EXPE,http://www.expediainc.com,"Bellevue, WA",Technology,Internet Services and Retailing,20075,8774.0,31.5,281.8,-63.1,15778,4132.0
318,Lithia Motors,"Lithia Motors, Inc.",LAD,http://www.lithiamotors.com,"Medford, OR",Retailing,"Automotive Retailing, Services",11170,8678.0,10.3,197.1,7.7,3844,911.0
319,Avis Budget Group,"Avis Budget Group, Inc.",CAR,http://www.avisbudgetgroup.com,"Parsippany, NJ",Retailing,"Automotive Retailing, Services",25600,8659.0,1.8,163.0,-47.9,17643,221.0
320,Reliance Steel & Aluminum,Reliance Steel & Aluminum Co.,RS,http://www.rsac.com,"Los Angeles, CA",Materials,Metals,14500,8613.0,-7.9,304.3,-2.3,7411,4149.0
321,GameStop,GameStop Corp.,GME,http://www.gamestopcorp.com,"Grapevine, TX",Retailing,Specialty Retailers: Other,41750,8608.0,-8.1,353.2,-12.3,4976,2254.0
322,Tenneco,Tenneco Inc.,TEN,http://www.tenneco.com,"Lake Forest, IL",Motor Vehicles & Parts,Motor Vehicles and Parts,31000,8599.0,4.8,363.0,47.0,4342,588.0
323,O’Reilly Automotive,"O'Reilly Automotive, Inc.",ORLY,http://www.oreillyauto.com,"Springfield, MO",Retailing,Specialty Retailers: Other,58397,8593.0,7.9,1037.7,11.4,7204,1627.0
324,Peter Kiewit Sons’,"Peter Kiewit Sons', Inc.",,http://www.kiewit.com,"Omaha, NE",Engineering & Construction,"Engineering, Construction",20000,8573.0,-4.7,396.0,57.8,6179,3268.0
325,United Natural Foods,"United Natural Foods, Inc.",UNFI,http://www.unfi.com,"Providence, RI",Wholesalers,Wholesalers: Food and Grocery,9554,8470.0,3.5,125.8,-9.3,2852,1520.0
326,salesforce.com,"salesforce.com, inc.",CRM,http://www.salesforce.com,"San Francisco, CA",Technology,Computer Software,25000,8392.0,25.9,179.6,,17585,7500.0
327,Boston Scientific,Boston Scientific Corporation,BSX,http://www.bostonscientific.com,"Marlborough, MA",Health Care,Medical Products and Equipment,27000,8386.0,12.2,347.0,,18096,6733.0
328,Newmont Mining,Newmont Mining Corporation,NEM,http://www.newmont.com,"Greenwood Village, CO",Energy,"Mining, Crude-Oil Production",12438,8379.0,8.4,-627.0,-385.0,21031,10721.0
329,Genworth Financial,"Genworth Financial, Inc.",GNW,http://www.genworth.com,"Richmond, VA",Financials,"Insurance: Life, Health (Stock)",3400,8369.0,-9.5,-277.0,,104658,12644.0
330,Live Nation Entertainment,"Live Nation Entertainment, Inc.",LYV,http://www.livenationentertainment.com,"Beverly Hills, CA",Media,Entertainment,11500,8355.0,15.3,2.9,,6764,1126.0
331,Veritiv,Veritiv Corp,VRTV,http://www.veritivcorp.com,"Atlanta, GA",Wholesalers,Wholesalers: Diversified,8700,8327.0,-4.5,21.0,-21.3,2484,542.0
332,News Corp.,News Corporation,NWSA,http://www.newscorp.com,"New York, NY",Media,"Publishing, Printing",24000,8319.0,-3.6,179.0,,15483,11564.0
333,Crown Holdings,"Crown Holdings, Inc.",CCK,http://www.crowncork.com,"Philadelphia, PA",Materials,"Packaging, Containers",23992,8284.0,-5.5,496.0,26.2,9599,366.0
334,Global Partners,Global Partners LP,GLP,http://www.globalp.com,"Waltham, MA",Wholesalers,Wholesalers: Diversified,1770,8240.0,-20.1,-199.4,-557.8,2564,393.0
335,PVH,PVH Corp.,PVH,http://www.pvh.com,"New York, NY",Apparel,Apparel,26650,8203.0,2.3,549.0,-4.1,11068,4805.0
336,Level 3 Communications,"Level 3 Communications, Inc.",LVLT,http://www.level3.com,"Broomfield, CO",Telecommunications,Telecommunications,12600,8172.0,-0.7,677.0,-80.3,24888,10917.0
337,Navistar International,Navistar International Corporation,NAV,http://www.navistar.com,"Lisle, IL",Industrials,Construction and Farm Machinery,11300,8111.0,-20.0,-97.0,,5653,-5298.0
338,Univar,Univar Inc.,UNVR,http://www.univar.com,"Downers Grove, IL",Wholesalers,Wholesalers: Diversified,8700,8074.0,-10.1,-68.4,-514.5,5390,810.0
339,Campbell Soup,Campbell Soup Company,CPB,http://www.campbellsoupcompany.com,"Camden, NJ","Food, Beverages & Tobacco",Food Consumer Products,16500,7961.0,-1.5,563.0,-18.5,7837,1525.0
340,Dick’s Sporting Goods,"Dick's Sporting Goods, Inc.",DKS,http://www.dicks.com,"Coraopolis, PA",Retailing,Specialty Retailers: Other,27550,7922.0,9.0,287.4,-13.0,4058,1930.0
341,Weyerhaeuser,Weyerhaeuser Company,WY,http://www.weyerhaeuser.com,"Seattle, WA",Materials,Forest and Paper Products,10400,7902.0,11.6,1027.0,103.0,19243,9180.0
342,Mutual of Omaha Insurance,Mutual of Omaha Insurance Company,,http://www.mutualofomaha.com,"Omaha, NE",Financials,"Insurance: Life, Health (Stock)",5732,7899.0,9.2,356.6,7.1,38465,5618.0
343,Chesapeake Energy,Chesapeake Energy Corporation,CHK,http://www.chk.com,"Oklahoma City, OK",Energy,"Mining, Crude-Oil Production",3300,7872.0,-38.3,-4401.0,,13028,-1460.0
344,Anadarko Petroleum,Anadarko Petroleum Corporation,APC,http://www.anadarko.com,"The Woodlands, TX",Energy,"Mining, Crude-Oil Production",4500,7869.0,-9.5,-3071.0,,45564,12212.0
345,Interpublic Group,"The Interpublic Group of Companies, Inc.",IPG,http://www.interpublic.com,"New York, NY",Business Services,"Advertising, Marketing",49800,,3.1,608.5,33.9,12485,2017.0
346,J.M. Smucker,The J.M. Smucker Company,SJM,http://www.jmsmucker.com,"Orrville, OH","Food, Beverages & Tobacco",Food Consumer Products,6910,7811.0,37.2,688.7,99.7,15984,7009.0
347,Steel Dynamics,"Steel Dynamics, Inc.",STLD,http://www.steeldynamics.com,"Fort Wayne, IN",Materials,Metals,7695,7777.0,2.4,382.1,,6424,2927.0
348,Foot Locker,"Foot Locker, Inc.",FL,http://www.footlocker-inc.com,"New York, NY",Retailing,Specialty Retailers: Apparel,32965,7766.0,4.8,664.0,22.7,3840,2710.0
349,Western Refining,"Western Refining, Inc.",,http://www.wnr.com,"El Paso, TX",Energy,Petroleum Refining,7134,7743.0,-20.9,124.9,-69.3,5560,1697.0
350,SpartanNash,SpartanNash Company,SPTN,http://www.spartannash.com,"Byron Center, MI",Wholesalers,Wholesalers: Food and Grocery,11500,7735.0,1.1,56.8,-9.4,1930,825.0
351,Dean Foods,Dean Foods Company,DF,http://www.deanfoods.com,"Dallas, TX","Food, Beverages & Tobacco",Food Consumer Products,17000,7710.0,-5.1,119.9,,2606,611.0
352,Zimmer Biomet Holdings,"Zimmer Biomet Holdings, Inc.",ZBH,http://www.zimmerbiomet.com,"Warsaw, IN",Health Care,Medical Products and Equipment,18500,7684.0,28.1,305.9,108.1,26684,9669.0
353,PulteGroup,"PulteGroup, Inc.",PHM,http://www.pultegroupinc.com,"Atlanta, GA",Engineering & Construction,Homebuilders,4623,7669.0,28.2,602.7,22.0,10178,4659.0
354,W.R. Berkley,W.R. Berkley Corporation,WRB,http://www.wrberkley.com,"Greenwich, CT",Financials,Insurance: Property and Casualty (Stock),7608,7654.0,6.2,601.9,19.5,23365,5047.0
355,Quanta Services,"Quanta Services, Inc.",PWR,http://www.quantaservices.com,"Houston, TX",Engineering & Construction,"Engineering, Construction",28100,7651.0,0.2,198.4,-36.2,5354,3339.0
356,EOG Resources,"EOG Resources, Inc.",EOG,http://www.eogresources.com,"Houston, TX",Energy,"Mining, Crude-Oil Production",2650,7651.0,-12.6,-1096.7,,29459,13982.0
357,Charles Schwab,The Charles Schwab Corporation,SCHW,http://www.aboutschwab.com,"San Francisco, CA",Financials,Securities,16200,7644.0,17.6,1889.0,30.5,223383,16421.0
358,Eversource Energy,Eversource Energy,ES,http://www.eversource.com,"Springfield, MA",Energy,Utilities: Gas and Electric,7762,7639.0,-4.0,942.3,7.3,32053,10712.0
359,Anixter International,Anixter International Inc.,AXE,http://www.anixter.com,"Glenview, IL",Wholesalers,Wholesalers: Electronics and Office Equipment,8900,7625.0,15.6,120.5,-5.6,4094,1292.0
360,EMCOR Group,"EMCOR Group, Inc.",EME,http://www.emcorgroup.com,"Norwalk, CT",Engineering & Construction,"Engineering, Construction",31000,7552.0,12.3,181.9,5.6,3894,1537.0
361,Assurant,"Assurant, Inc.",AIZ,http://www.assurant.com,"New York, NY",Financials,Insurance: Property and Casualty (Stock),14700,7532.0,-27.1,565.4,299.4,29709,4098.0
362,CenterPoint Energy,"CenterPoint Energy, Inc.",CNP,http://www.centerpointenergy.com,"Houston, TX",Energy,Utilities: Gas and Electric,7727,7528.0,1.9,432.0,,21829,3460.0
363,Harris,Harris Corporation,HRS,http://www.harris.com,"Melbourne, FL",Technology,Network and Other Communications Equipment,21000,7527.0,48.1,324.0,-3.0,11996,3056.0
364,HD Supply Holdings,"HD Supply Holdings, Inc.",HDS,http://www.hdsupply.com,"Atlanta, GA",Wholesalers,Wholesalers: Diversified,14000,7524.0,-14.3,196.0,-86.7,5707,960.0
365,PPL,PPL Corporation,PPL,http://www.pplweb.com,"Allentown, PA",Energy,Utilities: Gas and Electric,12689,7517.0,-2.0,1902.0,178.9,38315,9899.0
366,Quest Diagnostics,Quest Diagnostics Incorporated,DGX,http://www.questdiagnostics.com,"Madison, NJ",Health Care,Health Care: Pharmacy and Other Services,43000,7515.0,0.3,645.0,-9.0,10100,4628.0
367,Williams,"The Williams Companies, Inc.",WMB,http://www.williams.com,"Tulsa, OK",Energy,Energy,5604,7499.0,1.9,-424.0,,46835,4643.0
368,WEC Energy Group,"WEC Energy Group, Inc.",WEC,http://www.wecenergygroup.com,"Milwaukee, WI",Energy,Utilities: Gas and Electric,8074,7472.0,26.1,939.0,47.1,30123,8930.0
369,Hershey,The Hershey Company,HSY,http://www.thehersheycompany.com,"Hershey, PA","Food, Beverages & Tobacco",Food Consumer Products,17140,7440.0,0.7,720.0,40.4,5524,786.0
370,AGCO,AGCO Corporation,AGCO,http://www.agcocorp.com,"Duluth, GA",Industrials,Construction and Farm Machinery,19795,7411.0,-0.8,160.1,-39.9,7168,2776.0
371,Ralph Lauren,Ralph Lauren Corporation,RL,http://www.ralphlauren.com,"New York, NY",Apparel,Apparel,20500,7405.0,-2.8,396.0,-43.6,6213,3744.0
372,Masco,Masco Corporation,MAS,http://www.masco.com,"Taylor, MI",Household Products,"Home Equipment, Furnishings",26000,7357.0,-6.9,491.0,38.3,5137,-298.0
373,WESCO International,"WESCO International, Inc.",WCC,http://www.wesco.com,"Pittsburgh, PA",Wholesalers,,9000,7336.0,-2.4,101.6,-51.8,4491,2013.0
374,LifePoint Health,"LifePoint Health, Inc.",LPNT,http://www.lifepointhealth.net,"Brentwood, TN",Health Care,Health Care: Medical Facilities,47000,7274.0,20.9,121.9,-33.0,6319,2180.0
375,National Oilwell Varco,"National Oilwell Varco, Inc.",NOV,http://www.nov.com,"Houston, TX",Energy,"Oil and Gas Equipment, Services",36384,7251.0,-50.9,-2412.0,,21140,13940.0
376,Kindred Healthcare,"Kindred Healthcare, Inc.",KND,http://www.kindredhealthcare.com,"Louisville, KY",Health Care,Health Care: Medical Facilities,76650,7227.0,1.8,-664.2,,6113,813.0
377,Mosaic,The Mosaic Company,MOS,http://www.mosaicco.com,"Plymouth, MN",Chemicals,,8700,7163.0,-19.5,297.8,-70.2,16841,9585.0
378,Alliance Data Systems,Alliance Data Systems Corporation,ADS,http://www.alliancedata.com,"Plano, TX",Business Services,Financial Data Services,17000,7138.0,10.8,515.8,-13.5,25514,1658.0
379,Computer Sciences,Computer Sciences Corporation,,http://www.dxc.technology,"Tysons, VA",Technology,Information Technology Services,59000,7106.0,-41.7,251.0,12450.0,7736,2025.0
380,Huntington Ingalls Industries,"Huntington Ingalls Industries, Inc.",HII,http://www.huntingtoningalls.com%20,"Newport News, VA",Aerospace & Defense,Aerospace and Defense,37000,7068.0,0.7,573.0,41.8,6352,1653.0
381,Leidos Holdings,"Leidos Holdings, Inc.",LDOS,http://www.leidos.com,"Reston, VA",Technology,Information Technology Services,32000,7043.0,38.5,244.0,-3.9,9132,3135.0
382,Erie Insurance Group,Erie Insurance Group,,http://www.erieinsurance.com,"Erie, PA",Financials,Insurance: Property and Casualty (Mutual),4988,7016.0,5.7,741.9,10.7,18417,8528.0
383,Tesla,"Tesla, Inc.",TSLA,http://www.tesla.com,"Palo Alto, CA",Motor Vehicles & Parts,Motor Vehicles and Parts,30025,7000.0,73.0,-674.9,,22664,4753.0
384,Ascena Retail Group,"Ascena Retail Group, Inc.",ASNA,http://www.ascenaretail.com,"Mahwah, NJ",Retailing,Specialty Retailers: Apparel,41000,6995.0,45.6,-11.9,,5506,1863.0
385,Darden Restaurants,"Darden Restaurants, Inc.",DRI,http://www.darden.com,"Orlando, FL","Hotels, Restaurants & Leisure",Food Services,150942,6934.0,-3.2,375.0,-47.1,4583,1952.0
386,Harman International Industries,"Harman International Industries, Incorporated",,http://www.harman.com,"Stamford, CT",Industrials,"Electronics, Electrical Equipment",26000,6912.0,12.3,361.7,5.6,6054,2453.0
387,Nvidia,NVIDIA Corporation,NVDA,http://www.nvidia.com,"Santa Clara, CA",Technology,Semiconductors and Other Electronic Components,10299,6910.0,37.9,1666.0,171.3,9841,5762.0
388,R.R. Donnelley & Sons,R.R. Donnelley & Sons Company,RRD,http://www.rrdonnelley.com,"Chicago, IL",Media,"Publishing, Printing",44360,6896.0,-38.7,-495.9,-428.2,4285,-106.0
389,Fifth Third Bancorp,Fifth Third Bancorp,FITB,http://www.53.com,"Cincinnati, OH",Financials,Commercial Banks,17844,6889.0,-2.0,1564.0,-8.6,142177,16205.0
390,Quintiles IMS Holdings,"Quintiles IMS Holdings, Inc.",Q,http://www.quintilesims.com,"Durham, NC",Health Care,Health Care: Pharmacy and Other Services,50000,6878.0,19.9,115.0,-70.3,21208,8633.0
391,Jones Lang LaSalle,Jones Lang LaSalle Incorporated,JLL,http://www.jll.com,"Chicago, IL",Financials,Real Estate,77300,6804.0,14.0,318.2,-27.5,7629,2790.0
392,Dover,Dover Corporation,DOV,http://www.dovercorporation.com,"Downers Grove, IL",Industrials,Industrial Machinery,29000,6794.0,-3.3,508.9,-41.5,10116,3800.0
393,Spirit AeroSystems Holdings,"Spirit AeroSystems Holdings, Inc.",SPR,http://www.spiritaero.com,"Wichita, KS",Aerospace & Defense,Aerospace and Defense,14400,6793.0,2.2,469.7,-40.4,5405,1928.0
394,Ryder System,"Ryder System, Inc.",R,http://www.ryder.com,"Miami, FL",Transportation,"Trucking, Truck Leasing",34500,6787.0,3.3,262.5,-13.9,10903,2052.0
395,A-Mark Precious Metals,"A-Mark Precious Metals, Inc.",AMRK,http://www.amark.com,"Santa Monica, CA",Materials,Miscellaneous,83,6784.0,11.8,9.3,31.5,437,63.0
396,Tractor Supply,Tractor Supply Company,TSCO,http://www.tractorsupply.com,"Brentwood, TN",Retailing,Specialty Retailers: Other,19500,6780.0,8.9,437.1,6.5,2675,1453.0
397,Sealed Air,Sealed Air Corporation,SEE,http://www.sealedair.com,"Charlotte, NC",Materials,"Packaging, Containers",23000,6778.0,-3.6,486.4,45.0,7389,610.0
398,Auto-Owners Insurance,Auto-Owners Insurance Group,,http://www.auto-owners.com,"Lansing, MI",Financials,,4737,6775.0,4.0,706.3,-13.4,21571,9690.0
399,Yum China Holdings,"Yum China Holdings, Inc.",YUMC,http://ir.yumchina.com,"Plano, TX","Hotels, Restaurants & Leisure",Food Services,420000,6752.0,4.0,502.0,,3727,2377.0
400,Calpine,Calpine Corporation,CPN,http://www.calpine.com,"Houston, TX",Energy,Energy,2372,6716.0,3.8,92.0,-60.9,19317,3268.0
401,Owens-Illinois,"Owens-Illinois, Inc.",OI,http://www.o-i.com,"Perrysburg, OH",Materials,"Packaging, Containers",27000,6702.0,8.9,209.0,54.8,9135,254.0
402,Targa Resources,Targa Resources Corp.,TRGP,http://www.targaresources.com,"Houston, TX",Energy,Pipelines,1970,6691.0,0.5,-187.3,-421.3,12871,5439.0
403,Jones Financial (Edward Jones),"The Jones Financial Companies, L.L.L.P.",JBLU,http://www.edwardjones.com,"Des Peres, MO",Financials,Securities,43000,6632.0,-0.9,746.0,-11.0,19424,2634.0
403,JetBlue Airways,JetBlue Airways Corporation,,http://www.jetblue.com,"Long Island City, NY",Transportation,Airlines,15986,6632.0,3.4,759.0,12.1,9487,4013.0
405,Franklin Resources,"Franklin Resources, Inc.",BEN,http://www.franklinresources.com,"San Mateo, CA",Financials,Securities,9059,6618.0,-16.7,1726.7,-15.2,16099,11936.0
406,Activision Blizzard,"Activision Blizzard, Inc.",ATVI,http://www.activisionblizzard.com,"Santa Monica, CA",Technology,Computer Software,9500,6608.0,41.7,966.0,8.3,17452,9119.0
407,J.B. Hunt Transport Services,"J.B. Hunt Transport Services, Inc.",JBHT,http://www.jbhunt.com,"Lowell, AR",Transportation,"Trucking, Truck Leasing",22190,6556.0,5.9,432.1,1.1,3829,1414.0
408,Constellation Brands,"Constellation Brands, Inc.",STZ,http://www.cbrands.com,"Victor, NY","Food, Beverages & Tobacco",Beverages,9000,6548.0,8.6,1054.9,25.7,16965,6560.0
409,NCR,NCR Corporation,NCR,http://www.ncr.com,"Duluth, GA",Technology,"Computers, Office Equipment",33500,6543.0,2.7,270.0,,7673,1542.0
410,Asbury Automotive Group,"Asbury Automotive Group, Inc.",ABG,http://www.asburyauto.com,"Duluth, GA",Retailing,"Automotive Retailing, Services",7900,6528.0,-0.9,167.2,-1.2,2336,280.0
411,American Financial Group,"American Financial Group, Inc.",AFG,http://www.afginc.com,"Cincinnati, OH",Financials,,7600,6498.0,5.7,649.0,84.4,55072,4916.0
412,Discovery Communications,"Discovery Communications, Inc.",DISCA,http://www.discoverycommunications.com,"Silver Spring, MD",Media,,7000,6497.0,1.6,1194.0,15.5,15758,5167.0
413,Berry Global Group,"Berry Global Group, Inc.",BERY,http://www.berryglobal.com,"Evansville, IN",Materials,"Packaging, Containers",21000,6489.0,32.9,236.0,174.4,7653,218.0
414,Sanmina,Sanmina Corporation,SANM,http://www.sanmina.com,"San Jose, CA",Technology,Semiconductors and Other Electronic Components,40178,6481.0,1.7,187.8,-50.2,3625,1610.0
415,CalAtlantic Group,"CalAtlantic Group, Inc.",CAA,http://www.calatlantichomes.com,"Arlington, VA",Engineering & Construction,Homebuilders,3055,6477.0,83.0,484.7,127.0,8709,4208.0
416,Dr Pepper Snapple Group,"Dr Pepper Snapple Group, Inc.",DPS,http://www.drpeppersnapplegroup.com,"Plano, TX","Food, Beverages & Tobacco",Beverages,20000,,2.5,847.0,10.9,9791,2134.0
417,Dillard’s,"Dillard's, Inc.",DDS,http://www.dillards.com,"Little Rock, AR",Retailing,General Merchandisers,30800,6418.0,-5.0,169.2,-37.2,3888,1717.0
418,HRG Group,"HRG Group, Inc.",HRG,http://www.hrggroup.com,"New York, NY",Household Products,Household and Personal Products,16021,6403.0,10.1,-198.8,,35793,638.0
419,CMS Energy,CMS Energy Corporation,CMS,http://www.cmsenergy.com,"Jackson, MI",Energy,Utilities: Gas and Electric,7750,6399.0,-0.9,551.0,5.4,21622,4253.0
420,Graybar Electric,"Graybar Electric Company, Inc.",,http://www.graybar.com,"St. Louis, MO",Wholesalers,Wholesalers: Diversified,8500,6385.0,4.5,93.1,2.2,2099,728.0
421,Builders FirstSource,"Builders FirstSource, Inc.",BLDR,http://www.bldr.com,"Dallas, TX",Materials,"Building Materials, Glass",14000,6367.0,78.6,144.3,,2910,310.0
422,Yum Brands,"Yum! Brands, Inc.",YUM,http://www.yum.com,"Louisville, KY","Hotels, Restaurants & Leisure",Food Services,90000,6366.0,-51.4,1619.0,25.2,5478,-5656.0
423,Casey’s General Stores,"Casey's General Stores, Inc.",CASY,http://www.caseys.com,"Ankeny, IA",Retailing,Specialty Retailers: Other,24724,6304.0,-10.6,226.0,25.1,2726,1084.0
424,Amphenol,Amphenol Corporation,APH,http://www.amphenol.com,"Wallingford, CT",Technology,Network and Other Communications Equipment,62000,6286.0,12.9,822.9,7.8,8499,3675.0
425,Oshkosh,Oshkosh Corporation,OSK,http://www.oshkoshcorporation.com,"Oshkosh, WI",Industrials,Construction and Farm Machinery,13800,6279.0,3.0,216.4,-5.7,4514,1977.0
426,iHeartMedia,"iHeartMedia, Inc.",IHRT,http://www.iheartmedia.com,"San Antonio, TX",Media,Entertainment,18700,6274.0,0.5,-296.3,,12862,-11021.0
427,TreeHouse Foods,"TreeHouse Foods, Inc.",THS,http://www.treehousefoods.com,"Oak Brook, IL","Food, Beverages & Tobacco",Food Consumer Products,16027,6175.0,92.6,-228.6,-298.9,6546,2503.0
428,Alleghany,Alleghany Corporation,Y,http://www.alleghany.com,"New York, NY",Financials,Insurance: Property and Casualty (Stock),3420,6131.0,22.6,456.9,-18.5,23757,7940.0
429,Expeditors International of Washington,"Expeditors International of Washington, Inc.",EXPD,http://www.expeditors.com,"Seattle, WA",Transportation,Transportation and Logistics,16000,6098.0,-7.8,430.8,-5.8,2791,1845.0
430,Avery Dennison,Avery Dennison Corporation,AVY,http://www.averydennison.com,"Glendale, CA",Materials,"Packaging, Containers",25000,6087.0,2.0,320.7,16.9,4396,926.0
431,Ameren,Ameren Corporation,AEE,http://www.ameren.com,"St. Louis, MO",Energy,Utilities: Gas and Electric,8629,6076.0,-0.4,653.0,3.7,24699,7103.0
432,Hanesbrands,Hanesbrands Inc.,HBI,http://www.hanes.com,"Winston-Salem, NC",Apparel,Apparel,67800,6063.0,5.8,539.4,25.8,6908,1224.0
433,Motorola Solutions,"Motorola Solutions, Inc.",MSI,http://www.motorolasolutions.com,"Chicago, IL",Technology,Network and Other Communications Equipment,14000,6038.0,6.0,560.0,-8.2,8463,-964.0
434,St. Jude Medical,"St. Jude Medical, Inc.",,http://www.abbott.com,"St. Paul, MN",Health Care,Medical Products and Equipment,18000,6004.0,8.4,734.0,-16.6,12578,4578.0
435,Harley-Davidson,"Harley-Davidson, Inc.",HOG,http://www.harley-davidson.com,"Milwaukee, WI",Transportation,Transportation Equipment,6000,5997.0,8.4,692.2,-8.0,9890,1920.0
436,Regions Financial,Regions Financial Corporation,RF,http://www.regions.com,"Birmingham, AL",Financials,Commercial Banks,22166,5967.0,5.2,1163.0,9.5,125968,16664.0
437,Intercontinental Exchange,"Intercontinental Exchange, Inc.",ICE,http://www.theice.com,"Atlanta, GA",Financials,Securities,5631,5958.0,27.3,1422.0,11.6,82003,15717.0
438,Alaska Air Group,"Alaska Air Group, Inc.",ALK,http://www.alaskaair.com,"Seattle, WA",Transportation,Airlines,19112,5931.0,5.9,814.0,-4.0,9962,2931.0
439,Old Republic International,Old Republic International Corporation,ORI,http://www.oldrepublic.com,"Chicago, IL",Financials,Insurance: Property and Casualty (Stock),8500,5901.0,2.3,466.9,10.6,18592,4472.0
440,Lam Research,Lam Research Corporation,LRCX,http://www.lamresearch.com,"Fremont, CA",Technology,Semiconductors and Other Electronic Components,7500,5886.0,11.9,914.0,39.4,12272,5895.0
441,AK Steel Holding,AK Steel Holding Corporation,AKS,http://www.aksteel.com,"West Chester, OH",Materials,Metals,8500,5883.0,-12.1,-7.8,,4036,-272.0
442,Rockwell Automation,"Rockwell Automation, Inc.",ROK,http://www.rockwellautomation.com,"Milwaukee, WI",Industrials,"Electronics, Electrical Equipment",22000,5880.0,-6.8,729.7,-11.8,7101,1990.0
443,Adobe Systems,Adobe Systems Incorporated,ADBE,http://www.adobe.com,"San Jose, CA",Technology,Computer Software,15706,5854.0,22.1,1168.8,85.7,12707,7425.0
444,Avon Products,"Avon Products, Inc.",AVP,http://www.avoninvestor.com,"Rye, NY",Household Products,Household and Personal Products,26400,5853.0,-18.4,-107.6,,3419,-848.0
445,Terex,Terex Corporation,TEX,http://www.terex.com,"Westport, CT",Industrials,Construction and Farm Machinery,18100,5841.0,-10.7,-176.1,-220.7,5007,1484.7
446,NVR,"NVR, Inc.",NVR,http://www.nvrinc.com,"Reston, VA",Engineering & Construction,Homebuilders,4900,5835.0,12.9,425.3,11.1,2644,1304.0
447,Dana,Dana Incorporated,DAN,http://www.dana.com,"Maumee, OH",Motor Vehicles & Parts,Motor Vehicles and Parts,24900,5826.0,-3.9,640.0,302.5,4860,1157.0
448,Realogy Holdings,Realogy Holdings Corp.,RLGY,http://www.realogy.com,"Madison, NJ",Financials,Real Estate,11800,5810.0,1.8,213.0,15.8,7421,2464.0
449,American Tower,American Tower Corporation,AMT,http://www.americantower.com,"Boston, MA",Telecommunications,Telecommunications,4507,5786.0,21.3,956.4,39.6,30879,6764.0
450,Packaging Corp. of America,Packaging Corporation of America,PKG,http://www.packagingcorp.com,"Lake Forest, IL",Materials,"Packaging, Containers",14000,5779.0,0.6,449.6,2.9,5777,1760.0
451,Citizens Financial Group,"Citizens Financial Group, Inc.",CFG,http://www.citizensbank.com,"Providence, RI",Financials,Commercial Banks,17600,5763.0,9.2,1045.0,24.4,149520,19747.0
452,United Rentals,"United Rentals, Inc.",URI,http://www.unitedrentals.com,"Stamford, CT",Business Services,Miscellaneous,12500,5762.0,-0.9,566.0,-3.2,11988,1648.0
453,Clorox,The Clorox Company,CLX,http://www.thecloroxcompany.com,"Oakland, CA",Household Products,Household and Personal Products,8000,5761.0,1.7,648.0,11.7,4518,297.0
454,Genesis Healthcare,"Genesis Healthcare, Inc.",GEN,http://www.genesishcc.com,"Kennett Square, PA",Health Care,,82000,5733.0,2.0,-64.0,,5779,-490.0
455,M&T Bank Corp.,M&T Bank Corporation,MTB,http://www.mtb.com,"Buffalo, NY",Financials,Commercial Banks,16487,5722.0,14.5,1315.1,21.8,123449,16487.0
456,Ingredion,Ingredion Incorporated,INGR,http://www.ingredion.com,"Westchester, IL","Food, Beverages & Tobacco",Food Production,11000,5704.0,1.5,484.9,20.6,5782,2565.0
457,UGI,UGI Corporation,UGI,http://www.ugicorp.com,"King of Prussia, PA",Energy,Energy,13105,5686.0,-15.0,364.7,29.8,10847,2851.0
458,Owens Corning,Owens Corning,OC,http://www.owenscorning.com,"Toledo, OH",Materials,"Building Materials, Glass",16000,5677.0,6.1,393.0,19.1,7741,3849.0
459,S&P Global,S&P Global Inc.,SPGI,http://www.spglobal.com,"New York, NY",Business Services,Financial Data Services,20000,5661.0,6.6,2106.0,82.2,8669,650.0
460,Markel,Markel Corporation,MKL,http://www.markelcorp.com,"Glen Allen, VA",Financials,Insurance: Property and Casualty (Stock),10900,5612.0,4.5,455.7,-21.8,25875,8461.0
461,Wyndham Worldwide,Wyndham Worldwide Corporation,WYN,http://www.wyndhamworldwide.com,"Parsippany, NJ","Hotels, Restaurants & Leisure","Hotels, Casinos, Resorts",37800,5599.0,1.1,611.0,-0.2,9819,714.0
462,Arthur J. Gallagher,Arthur J. Gallagher & Co.,AJG,http://www.ajg.com,"Itasca, IL",Financials,Diversified Financials,24790,5595.0,3.8,414.4,16.1,11490,3597.0
463,Burlington Stores,"Burlington Stores, Inc.",BURL,http://www.burlingtonstores.com,"Burlington, NJ",Retailing,Specialty Retailers: Apparel,40000,5591.0,9.0,215.9,43.5,2575,-50.0
464,First American Financial,First American Financial Corporation,FAF,http://www.firstam.com,"Santa Ana, CA",Financials,Insurance: Property and Casualty (Stock),19531,5576.0,7.7,343.0,19.1,8832,3008.0
465,Symantec,Symantec Corporation,SYMC,http://www.symantec.com,"Mountain View, CA",Technology,Computer Software,11000,5568.0,-14.4,2488.0,183.4,11767,3676.0
466,Patterson,"Patterson Companies, Inc.",PDCO,http://www.pattersoncompanies.com,"St. Paul, MN",Wholesalers,Wholesalers: Health Care,7000,5555.0,27.0,187.2,-16.2,3521,1442.0
467,Olin,Olin Corporation,OLN,http://www.olin.com,"Clayton, MO",Chemicals,Chemicals,6400,5551.0,94.5,-3.9,,8763,2273.0
468,NetApp,"NetApp, Inc.",NTAP,http://www.netapp.com,"Sunnyvale, CA",Technology,Computer Peripherals,12030,5546.0,-9.4,229.0,-59.1,10037,2881.0
469,Raymond James Financial,"Raymond James Financial, Inc.",RJF,http://www.raymondjames.com,"St. Petersburg, FL",Financials,Securities,11900,5520.0,4.0,529.4,5.4,31594,4914.0
470,TravelCenters of America,TravelCenters of America LLC,TA,http://www.ta-petrol.com,"Westlake, OH",Retailing,Specialty Retailers: Other,20259,5511.0,-5.8,-2.0,-107.3,1660,552.0
471,Fiserv,"Fiserv, Inc.",FISV,http://www.fiserv.com,"Brookfield, WI",Business Services,Financial Data Services,23000,5505.0,4.8,930.0,30.6,9743,2541.0
472,Host Hotels & Resorts,"Host Hotels & Resorts, Inc.",HST,http://www.hosthotels.com,"Bethesda, MD",Financials,Real Estate,220,5488.0,1.9,762.0,36.6,11408,6994.0
473,Insight Enterprises,"Insight Enterprises, Inc.",NSIT,http://www.insight.com,"Tempe, AZ",Wholesalers,Wholesalers: Electronics and Office Equipment,5930,5486.0,2.1,84.7,11.7,2219,713.0
474,Mattel,"Mattel, Inc.",MAT,http://www.mattel.com,"El Segundo, CA",Household Products,"Toys, Sporting Goods",32000,5457.0,-4.3,318.0,-13.9,6494,2408.0
475,AmTrust Financial Services,"AmTrust Financial Services, Inc.",AFSI,http://www.amtrustgroup.com,"New York, NY",Financials,Insurance: Property and Casualty (Stock),8000,5451.0,18.1,411.0,-8.8,22615,3269.0
476,Cincinnati Financial,Cincinnati Financial Corporation,CINF,http://www.cinfin.com,"Fairfield, OH",Financials,Insurance: Property and Casualty (Stock),4754,5449.0,6.0,590.7,-6.8,20386,7060.0
477,Simon Property Group,"Simon Property Group, Inc.",SPG,http://www.simon.com,"Indianapolis, IN",Financials,Real Estate,4050,5435.0,3.2,1838.9,0.6,31104,4310.0
478,Western Union,The Western Union Company,WU,http://www.westernunion.com,"Englewood, CO",Business Services,Financial Data Services,10700,5423.0,-1.1,253.2,-69.8,9420,902.0
479,KeyCorp,KeyCorp,KEY,http://www.key.com,"Cleveland, OH",Financials,Commercial Banks,15700,5422.0,19.4,791.0,-13.6,136453,15240.0
480,Delek US Holdings,"Delek US Holdings, Inc.",DK,http://www.delekus.com,"Brentwood, TN",Energy,Petroleum Refining,1326,5414.0,-6.0,-153.7,-892.3,2985,992.0
481,Booz Allen Hamilton Holding,Booz Allen Hamilton Holding Corp.,BAH,http://www.boozallen.com,"McLean, VA",Technology,Information Technology Services,22600,5406.0,2.5,294.1,26.5,3010,409.0
482,Chemours,The Chemours Company,CC,http://www.chemours.com,"Wilmington, DE",Chemicals,Chemicals,7000,5400.0,2.5,7.0,,6060,100.0
483,Western & Southern Financial Group,Western & Southern Mutual Holding Company,,http://www.westernsouthern.com,"Cincinnati, OH",Financials,"Insurance: Life, Health (Mutual)",2178,5398.0,0.8,241.2,-47.2,43831,5104.0
484,Celanese,Celanese Corporation,CE,http://www.celanese.com,"Irving, TX",Chemicals,Chemicals,7293,5389.0,-5.0,900.0,196.1,8357,2588.0
485,Windstream Holdings,"Windstream Holdings, Inc.",WIN,http://www.windstream.com,"Little Rock, AR",Telecommunications,Telecommunications,11870,5387.0,-6.6,-383.5,-1499.6,11770,170.0
486,Seaboard,Seaboard Corporation,SEB,http://www.seaboardcorp.com,"Merriam, KS","Food, Beverages & Tobacco",Food Production,11781,5379.0,-3.8,312.0,82.5,4755,3162.0
487,Essendant,Essendant Inc.,ESND,http://www.essendant.com,"Deerfield, IL",Wholesalers,Wholesalers: Electronics and Office Equipment,6600,5369.0,0.1,63.9,,2164,781.0
488,Apache,Apache Corporation,APA,http://www.apachecorp.com,"Houston, TX",Energy,"Mining, Crude-Oil Production",3727,5354.0,-19.5,-1405.0,,22519,6238.0
489,Airgas,"Airgas, Inc.",,http://www.airgas.com,"Radnor, PA",Wholesalers,Wholesalers: Diversified,17000,5314.0,0.2,337.5,-8.3,6135,2045.0
490,Kelly Services,"Kelly Services, Inc.",KELYA,http://www.kellyservices.com,"Troy, MI",Business Services,Temporary Help,7500,5277.0,-4.4,120.8,124.5,2028,1012.0
491,Liberty Media,Liberty Media Corporation,LSXMA,http://www.libertymedia.com,"Englewood, CO",Media,Entertainment,3626,5276.0,10.0,680.0,962.5,31377,11756.0
492,Rockwell Collins,"Rockwell Collins, Inc.",COL,http://www.rockwellcollins.com,"Cedar Rapids, IA",Aerospace & Defense,Aerospace and Defense,19000,5259.0,-0.1,728.0,6.1,7707,2078.0
493,Robert Half International,Robert Half International Inc.,RHI,http://www.roberthalf.com,"Menlo Park, CA",Business Services,Temporary Help,16400,5250.0,3.1,343.4,-4.0,1778,1087.0
494,CH2M Hill,"CH2M HILL Companies, Ltd.",,http://www.ch2m.com,"Englewood, CO",Engineering & Construction,"Engineering, Construction",20000,5236.0,-2.3,15.0,-81.3,2671,547.0
495,Big Lots,"Big Lots, Inc.",BIG,http://www.biglots.com,"Columbus, OH",Retailing,Specialty Retailers: Other,23150,5200.0,0.2,152.8,7.0,1608,651.0
496,Michaels Cos.,"The Michaels Companies, Inc.",MIK,http://www.michaels.com,"Irving, TX",Retailing,Specialty Retailers: Other,31000,5197.0,5.8,378.2,4.2,2148,-1698.0
497,Toll Brothers,"Toll Brothers, Inc.",TOL,http://www.tollbrothers.com,"Horsham, PA",Engineering & Construction,Homebuilders,4200,5170.0,23.9,382.1,5.2,9737,4229.0
498,Yahoo,Yahoo! Inc.,YHOO,http://www.yahoo.com,"Sunnyvale, CA",Technology,Internet Services and Retailing,8500,5169.0,4.0,-214.3,,48083,31049.0
499,Vistra Energy,Vistra Energy Corp.,VST,http://www.vistraenergy.com,"Dallas, TX",Energy,Energy,4431,5164.0,4.0,,,15167,6597.0
500,ABM Industries,ABM Industries Incorporated,ABM,http://www.abm.com,"New York, NY",Business Services,Diversified Outsourcing Services,110000,5145.0,-2.8,57.2,-25.0,2281,974.0
